"municipality_code","municipality_name","year","population_total","population_working_age","share_postsecondary","employment_rate","unemployment_rate","labour_market_source_table","disposable_income_pbb","price_base_amount","disposable_income_sek_nominal","new_firm_starts_per_1000_16_64","program_exit_to_work_or_study_share"
"0114","Upplands Väsby",2016,43891,25796,0.378029219230936,80.8,11.9,"IntGr1KomKonUtb",5.9,44300,261370,14.2,
"0114","Upplands Väsby",2017,44605,26036,0.382940573770492,80.8,11.7,"IntGr1KomKonUtb",6.1,44800,273280,11.9,44.7368421
"0114","Upplands Väsby",2018,45543,26496,0.39241615217754,80.8,12,"IntGr1KomKonUtb",6.1,45500,277550,10.6,31.25
"0114","Upplands Väsby",2019,46786,27304,0.401587493452597,80.6,12.1,"IntGr1KomKonUtb",6.1,46500,283650,11.3,30
"0114","Upplands Väsby",2020,47184,27492,0.411436763300414,78.9,15.9,"IntGr1KomKonUtb",6.1,47300,288530,12.7,38.46153846
"0114","Upplands Väsby",2021,47820,27902,0.417053409895383,80,15.3,"IntGr1KomKonUtb",6.4,47600,304640,12.77007202,32.6923077
"0114","Upplands Väsby",2022,49262,28825,0.433112026862027,81.6,12.9,"IntGr1KomUtbBAS",6.5,48300,313950,13.10116086,53.70370371
"0114","Upplands Väsby",2023,50110,29400,0.440909260851684,81.1,12.9,"IntGr1KomUtbBAS",5.6,52500,294000,11.0126501,35
"0115","Vallentuna",2016,32785,18495,0.435696323793558,86.3,6.1,"IntGr1KomKonUtb",6.7,44300,296810,12.4,
"0115","Vallentuna",2017,33175,18658,0.445318507127225,86.2,6,"IntGr1KomKonUtb",6.8,44800,304640,13.4,40.74074074
"0115","Vallentuna",2018,33432,18793,0.450667134831461,86.1,6.1,"IntGr1KomKonUtb",6.9,45500,313950,12.5,43.47826087
"0115","Vallentuna",2019,34090,19191,0.456571298301607,84.9,6.8,"IntGr1KomKonUtb",7,46500,325500,12.2,40
"0115","Vallentuna",2020,34119,19200,0.464486458865611,84.5,8.5,"IntGr1KomKonUtb",7,47300,331100,11.5,43.75
"0115","Vallentuna",2021,34246,19289,0.474019028317289,85,8.1,"IntGr1KomKonUtb",7.2,47600,342720,13.04204529,27.27272728
"0115","Vallentuna",2022,34851,19705,0.487190837160405,86.3,6.7,"IntGr1KomUtbBAS",7.4,48300,357420,12.87007354,
"0115","Vallentuna",2023,35076,19930,0.49816528835095,85.7,6.8,"IntGr1KomUtbBAS",6.5,52500,341250,11.22609258,67.44186047
"0117","Österåker",2016,43293,23939,0.418172551200074,85.3,7.2,"IntGr1KomKonUtb",6.6,44300,292380,17.4,
"0117","Österåker",2017,44130,24314,0.425951086956522,85,7,"IntGr1KomKonUtb",6.7,44800,300160,14.8,
"0117","Österåker",2018,44831,24629,0.431955038137294,84.8,7,"IntGr1KomKonUtb",6.8,45500,309400,13.6,
"0117","Österåker",2019,45574,25027,0.43846556690233,84,7.1,"IntGr1KomKonUtb",6.9,46500,320850,11.8,
"0117","Österåker",2020,46644,25733,0.446188435922454,83.3,9.1,"IntGr1KomKonUtb",7,47300,331100,15.1,
"0117","Österåker",2021,48234,26661,0.460010625689648,84.4,8.5,"IntGr1KomKonUtb",7.3,47600,347480,15.56460165,
"0117","Österåker",2022,49138,27235,0.473232121454255,85.9,7.5,"IntGr1KomUtbBAS",7.5,48300,362250,13.2897158,
"0117","Österåker",2023,49282,27364,0.482443904188753,85.4,7.2,"IntGr1KomUtbBAS",6.5,52500,341250,10.14144649,80
"0120","Värmdö",2016,42000,23574,0.418083064100763,85.6,7.3,"IntGr1KomKonUtb",6.6,44300,292380,16.2,
"0120","Värmdö",2017,43444,24404,0.426315078972236,85.6,7.2,"IntGr1KomKonUtb",6.7,44800,300160,14.9,10.66666667
"0120","Värmdö",2018,44397,24951,0.433356716941424,85.6,7.6,"IntGr1KomKonUtb",6.8,45500,309400,15,62.5
"0120","Värmdö",2019,45000,25345,0.43880892872533,84.5,7.6,"IntGr1KomKonUtb",6.9,46500,320850,14.3,30.2631579
"0120","Värmdö",2020,45566,25575,0.449543621311823,83.7,9.7,"IntGr1KomKonUtb",6.9,47300,326370,15.2,45.94594595
"0120","Värmdö",2021,46232,25814,0.461677300201478,84.7,8.9,"IntGr1KomKonUtb",7.2,47600,342720,15.15526195,54.70588235
"0120","Värmdö",2022,46457,25930,0.476343995980573,86.4,7.4,"IntGr1KomUtbBAS",7.4,48300,357420,14.30236254,66.16541353
"0120","Värmdö",2023,46637,25937,0.485502077126432,85.6,7.2,"IntGr1KomUtbBAS",6.5,52500,341250,12.9414653,
"0123","Järfälla",2016,74412,42815,0.439233022915141,79.5,13.7,"IntGr1KomKonUtb",6,44300,265800,12.7,
"0123","Järfälla",2017,76453,44069,0.444163143370718,80.1,13.7,"IntGr1KomKonUtb",6.1,44800,273280,11.8,
"0123","Järfälla",2018,78480,45291,0.452853294146461,80.5,13,"IntGr1KomKonUtb",6.2,45500,282100,11.8,
"0123","Järfälla",2019,79990,46327,0.457880532135948,80.1,12.7,"IntGr1KomKonUtb",6.2,46500,288300,10.1,26.64141414
"0123","Järfälla",2020,81274,47345,0.462981082844097,78.9,16.2,"IntGr1KomKonUtb",6.2,47300,293260,11.5,27.46781116
"0123","Järfälla",2021,83170,48682,0.46785108068349,79.8,15.6,"IntGr1KomKonUtb",6.4,47600,304640,11.74474251,16.46017699
"0123","Järfälla",2022,85460,50397,0.482921471718836,81,13.6,"IntGr1KomUtbBAS",6.6,48300,318780,11.50625629,31.84357542
"0123","Järfälla",2023,86330,51089,0.490426683993935,80.8,13.1,"IntGr1KomUtbBAS",5.7,52500,299250,11.07774563,26.40845071
"0125","Ekerö",2016,27406,14823,0.479163588000591,86.4,5.6,"IntGr1KomKonUtb",7,44300,310100,15.9,50.79365079
"0125","Ekerö",2017,27753,14872,0.487106643356643,86.5,5.7,"IntGr1KomKonUtb",7.2,44800,322560,14.8,71.83098591
"0125","Ekerö",2018,28308,15122,0.490737429368429,86.1,5.9,"IntGr1KomKonUtb",7.3,45500,332150,14.4,73.33333334
"0125","Ekerö",2019,28690,15375,0.492100273857173,83.9,6.3,"IntGr1KomKonUtb",7.3,46500,339450,13.5,57.30337078
"0125","Ekerö",2020,28879,15468,0.49573361082206,83.2,8.1,"IntGr1KomKonUtb",7.4,47300,350020,15.3,66.33663367
"0125","Ekerö",2021,29096,15545,0.509905432456685,83.7,7.4,"IntGr1KomKonUtb",7.7,47600,366520,14.49275362,43.33333333
"0125","Ekerö",2022,29123,15541,0.517600499895855,84.9,5.8,"IntGr1KomUtbBAS",7.9,48300,381570,13.63583614,36.36363636
"0125","Ekerö",2023,28808,15247,0.52788816349702,84.4,6.3,"IntGr1KomUtbBAS",7,52500,367500,11.42227634,36.06557378
"0126","Huddinge",2016,107538,63958,0.437059327816366,79.1,12,"IntGr1KomKonUtb",6,44300,265800,12.6,31.74603174
"0126","Huddinge",2017,110003,65453,0.44522932022932,79.2,12,"IntGr1KomKonUtb",6.1,44800,273280,11.3,46.20253164
"0126","Huddinge",2018,111722,66578,0.452698073162987,79.3,11.7,"IntGr1KomKonUtb",6.2,45500,282100,12.4,51
"0126","Huddinge",2019,112848,67198,0.459335038363171,79.1,11.3,"IntGr1KomKonUtb",6.2,46500,288300,11.3,40.86538462
"0126","Huddinge",2020,113234,67401,0.469660891698826,77.7,14.1,"IntGr1KomKonUtb",6.2,47300,293260,11.9,39.86820429
"0126","Huddinge",2021,113951,67681,0.477603903203172,79,13.4,"IntGr1KomKonUtb",6.5,47600,309400,12.15797204,61.64383561
"0126","Huddinge",2022,114504,67945,0.492315448794054,80.6,11.6,"IntGr1KomUtbBAS",6.7,48300,323610,11.24175899,74.66216216
"0126","Huddinge",2023,113920,67535,0.500368435703876,80.4,11.2,"IntGr1KomUtbBAS",5.9,52500,309750,10.80336525,65.33333333
"0127","Botkyrka",2016,90675,54109,0.335451106606199,73.5,17.7,"IntGr1KomKonUtb",5.2,44300,230360,11,
"0127","Botkyrka",2017,91925,54807,0.339637752587482,74.2,17.1,"IntGr1KomKonUtb",5.3,44800,237440,9.8,44.29752066
"0127","Botkyrka",2018,93106,55529,0.347051447985763,74.8,16.8,"IntGr1KomKonUtb",5.4,45500,245700,10.5,40.88820827
"0127","Botkyrka",2019,94606,56452,0.35035455373767,74.8,16.3,"IntGr1KomKonUtb",5.4,46500,251100,9.7,49.30875576
"0127","Botkyrka",2020,94847,56552,0.35500078814628,73,19.4,"IntGr1KomKonUtb",5.4,47300,255420,10.7,52.93296089
"0127","Botkyrka",2021,95318,56613,0.361075644777937,74.9,19,"IntGr1KomKonUtb",5.7,47600,271320,12.83326539,41.44385027
"0127","Botkyrka",2022,95383,56723,0.371505260476872,76.9,16.8,"IntGr1KomUtbBAS",5.9,48300,284970,10.7848719,52.33160622
"0127","Botkyrka",2023,95592,56952,0.376793207768127,76.8,16.4,"IntGr1KomUtbBAS",5,52500,262500,10.10199283,47.20121029
"0128","Salem",2016,16615,8919,0.425235404896422,84.1,9.7,"IntGr1KomKonUtb",6.5,44300,287950,10.7,
"0128","Salem",2017,16665,8927,0.42833977797181,84.2,9.8,"IntGr1KomKonUtb",6.6,44800,295680,9.7,44.73684211
"0128","Salem",2018,16786,9009,0.432485563337019,84,9.3,"IntGr1KomKonUtb",6.7,45500,304850,9.9,
"0128","Salem",2019,16750,8976,0.431288343558282,84.2,8.8,"IntGr1KomKonUtb",6.7,46500,311550,10.1,26.88172043
"0128","Salem",2020,16959,9101,0.439415882210958,82.9,11.4,"IntGr1KomKonUtb",6.7,47300,316910,10.1,31.01604278
"0128","Salem",2021,17252,9274,0.453824295524509,83.8,10.6,"IntGr1KomKonUtb",6.9,47600,328440,9.74184121,
"0128","Salem",2022,17352,9362,0.467129248500529,85.2,9.2,"IntGr1KomUtbBAS",7.1,48300,342930,9.90002912,
"0128","Salem",2023,17451,9497,0.47811955890888,85,8.8,"IntGr1KomUtbBAS",6.2,52500,325500,10.65259117,
"0136","Haninge",2016,85693,50621,0.312680147469556,80.1,11.9,"IntGr1KomKonUtb",5.8,44300,256940,12.4,46.53739612
"0136","Haninge",2017,88037,51954,0.316633526411343,80.5,11.6,"IntGr1KomKonUtb",5.9,44800,264320,12.1,32.51231527
"0136","Haninge",2018,89989,53030,0.323552253216632,80.9,11.5,"IntGr1KomKonUtb",6,45500,273000,10.8,43.11111111
"0136","Haninge",2019,92095,54439,0.329394477438315,80.5,11.7,"IntGr1KomKonUtb",6,46500,279000,10.8,40.37037037
"0136","Haninge",2020,93690,55345,0.336100498089656,79.3,14.7,"IntGr1KomKonUtb",6,47300,283800,11.1,40.37037037
"0136","Haninge",2021,95658,56638,0.346224390243902,80.7,13.9,"IntGr1KomKonUtb",6.3,47600,299880,12.94482453,49.44812362
"0136","Haninge",2022,97683,58042,0.360687314059043,81.8,12.2,"IntGr1KomUtbBAS",6.4,48300,309120,12.29555166,46.4
"0136","Haninge",2023,99751,59676,0.369692000968902,81.6,12.1,"IntGr1KomUtbBAS",5.5,52500,288750,10.72061005,31.07692308
"0138","Tyresö",2016,47103,26562,0.419405188778739,84.2,8.3,"IntGr1KomKonUtb",6.6,44300,292380,12.7,16.66666667
"0138","Tyresö",2017,47304,26695,0.424417147154675,84.2,8.3,"IntGr1KomKonUtb",6.7,44800,300160,11.4,20.58823529
"0138","Tyresö",2018,48004,27097,0.42806343497098,84.2,8.8,"IntGr1KomKonUtb",6.7,45500,304850,12,15.67164179
"0138","Tyresö",2019,48333,27353,0.431515689279664,83.3,8.8,"IntGr1KomKonUtb",6.7,46500,311550,10.5,44.9579832
"0138","Tyresö",2020,48678,27597,0.442971455870059,82.4,11.5,"IntGr1KomKonUtb",6.8,47300,321640,12.2,70.80291971
"0138","Tyresö",2021,49062,27752,0.452416679829411,83.1,10.7,"IntGr1KomKonUtb",7,47600,333200,11.089666,45.71428571
"0138","Tyresö",2022,49214,27781,0.466089693154996,84.9,8.9,"IntGr1KomUtbBAS",7.3,48300,352590,12.4594249,49.6124031
"0138","Tyresö",2023,49173,27729,0.473998898591771,84.2,8.8,"IntGr1KomUtbBAS",6.3,52500,330750,9.77379707,56.37254902
"0139","Upplands-Bro",2016,26755,15366,0.369609557109557,80.6,11.7,"IntGr1KomKonUtb",5.9,44300,261370,10.6,
"0139","Upplands-Bro",2017,27614,15849,0.373574077962069,80.9,12,"IntGr1KomKonUtb",6.1,44800,273280,11.6,78.46153846
"0139","Upplands-Bro",2018,28756,16499,0.381804723773636,81.3,12.2,"IntGr1KomKonUtb",6.1,45500,277550,12.1,
"0139","Upplands-Bro",2019,29346,16799,0.380296471205562,80.7,12.3,"IntGr1KomKonUtb",6.2,46500,288300,11.5,37.87878788
"0139","Upplands-Bro",2020,30195,17370,0.387010676156584,79.6,15.4,"IntGr1KomKonUtb",6.1,47300,288530,11.8,
"0139","Upplands-Bro",2021,31082,17911,0.39341217262089,80.6,14.8,"IntGr1KomKonUtb",6.3,47600,299880,11.89860321,
"0139","Upplands-Bro",2022,31853,18521,0.405895419343219,81.9,13.5,"IntGr1KomUtbBAS",6.5,48300,313950,11.21572259,41.44144145
"0139","Upplands-Bro",2023,32453,18833,0.408416573083516,81.7,12.6,"IntGr1KomUtbBAS",5.6,52500,294000,10.71784646,
"0140","Nykvarn",2016,10424,5777,0.348639455782313,87.7,7.6,"IntGr1KomKonUtb",6.8,44300,301240,10.4,
"0140","Nykvarn",2017,10660,5869,0.355253353204173,87.9,7,"IntGr1KomKonUtb",6.9,44800,309120,10.2,
"0140","Nykvarn",2018,10923,5983,0.361211901306241,88.5,7.2,"IntGr1KomKonUtb",7,45500,318500,11.8,
"0140","Nykvarn",2019,11014,6002,0.368165467625899,88.9,7.3,"IntGr1KomKonUtb",7.1,46500,330150,11.9,
"0140","Nykvarn",2020,11222,6172,0.37425673312347,87.8,8.9,"IntGr1KomKonUtb",7,47300,331100,10.3,0
"0140","Nykvarn",2021,11500,6338,0.38268870335662,87,8.2,"IntGr1KomKonUtb",7.3,47600,347480,12.27614096,
"0140","Nykvarn",2022,11664,6451,0.394727948631294,89,7.5,"IntGr1KomUtbBAS",7.5,48300,362250,11.92871515,40.54054054
"0140","Nykvarn",2023,12107,6813,0.400934278350516,87.9,7.1,"IntGr1KomUtbBAS",6.5,52500,341250,7.59066629,
"0160","Täby",2016,69386,37394,0.613259340594118,84.5,6.1,"IntGr1KomKonUtb",7.7,44300,341110,17.1,44
"0160","Täby",2017,70405,38066,0.617880968333965,84.7,6,"IntGr1KomKonUtb",7.8,44800,349440,14.8,25
"0160","Täby",2018,71397,38733,0.62301723154171,84.3,6.4,"IntGr1KomKonUtb",7.8,45500,354900,14.4,71.875
"0160","Täby",2019,71874,39107,0.628901408450704,83.7,6.3,"IntGr1KomKonUtb",7.9,46500,367350,13.4,62.5
"0160","Täby",2020,72755,39679,0.63615972529907,82.8,8.5,"IntGr1KomKonUtb",7.9,47300,373670,15.2,92.53731343
"0160","Täby",2021,73955,40465,0.643326098752035,83.7,8,"IntGr1KomKonUtb",8.3,47600,395080,15.27784037,100
"0160","Täby",2022,75137,41378,0.654301960992719,85.3,6.5,"IntGr1KomUtbBAS",8.5,48300,410550,14.09841954,
"0160","Täby",2023,76738,42564,0.66231715210356,84.6,6.9,"IntGr1KomUtbBAS",7.4,52500,388500,12.92063353,90
"0162","Danderyd",2016,32653,16950,0.73155436957972,79.6,5.3,"IntGr1KomKonUtb",8.5,44300,376550,20.8,
"0162","Danderyd",2017,32888,17109,0.732588699080158,80.1,5.6,"IntGr1KomKonUtb",8.5,44800,380800,18.8,38.70967742
"0162","Danderyd",2018,33187,17360,0.732397992019565,79.5,5.8,"IntGr1KomKonUtb",8.6,45500,391300,20.6,
"0162","Danderyd",2019,32857,17103,0.739608960248608,78,6,"IntGr1KomKonUtb",8.8,46500,409200,17.7,
"0162","Danderyd",2020,32712,17008,0.741960631455857,78.3,7.7,"IntGr1KomKonUtb",8.8,47300,416240,20.3,38.96103896
"0162","Danderyd",2021,32803,17030,0.748444790046656,79,7,"IntGr1KomKonUtb",9.2,47600,437920,18.57343531,60.97560976
"0162","Danderyd",2022,32692,17065,0.754262657815957,81.4,5.7,"IntGr1KomUtbBAS",9.6,48300,463680,17.57944557,67.39130435
"0162","Danderyd",2023,32419,16932,0.760144451739987,81.1,5.7,"IntGr1KomUtbBAS",8.5,52500,446250,15.15857002,60
"0163","Sollentuna",2016,71023,40534,0.566027352026637,81.5,9.6,"IntGr1KomKonUtb",6.8,44300,301240,15.5,41.75438597
"0163","Sollentuna",2017,71848,40944,0.569610656847349,81.5,9.5,"IntGr1KomKonUtb",6.9,44800,309120,12.7,31.68044077
"0163","Sollentuna",2018,72528,41331,0.577182820382778,81.8,9.6,"IntGr1KomKonUtb",7,45500,318500,13.1,40.85714286
"0163","Sollentuna",2019,73857,42070,0.580010965771129,80.9,9.6,"IntGr1KomKonUtb",7,46500,325500,12.9,47.02549575
"0163","Sollentuna",2020,73990,42227,0.589816014511532,79.6,12.5,"IntGr1KomKonUtb",7.1,47300,335830,13.6,46.38554217
"0163","Sollentuna",2021,75108,42924,0.598197416126232,80.8,12,"IntGr1KomKonUtb",7.4,47600,352240,14.20811588,50.86956522
"0163","Sollentuna",2022,76237,43878,0.60885857753129,82.4,10.4,"IntGr1KomUtbBAS",7.6,48300,367080,13.73264847,61.15702479
"0163","Sollentuna",2023,76790,44304,0.615295079125288,81.8,10.1,"IntGr1KomUtbBAS",6.5,52500,341250,11.91536979,65.59139785
"0180","Stockholm",2016,935619,597140,0.579870189907358,79.4,10.4,"IntGr1KomKonUtb",6.3,44300,279090,18.7,45.48587181
"0180","Stockholm",2017,949761,604002,0.584229455952652,79.5,10.3,"IntGr1KomKonUtb",6.4,44800,286720,17,47.80660377
"0180","Stockholm",2018,962154,609670,0.591566499131142,79.8,10.2,"IntGr1KomKonUtb",6.5,45500,295750,16.5,46.53444231
"0180","Stockholm",2019,974073,615793,0.597285726973976,79.4,10,"IntGr1KomKonUtb",6.6,46500,306900,15.7,48.82607704
"0180","Stockholm",2020,975551,615550,0.605146422132951,78.1,13.4,"IntGr1KomKonUtb",6.7,47300,316910,16.9,43.25779673
"0180","Stockholm",2021,978770,615873,0.60990565034628,79.5,12.5,"IntGr1KomKonUtb",7,47600,333200,17.34994538,46.66824197
"0180","Stockholm",2022,984748,619369,0.621970149464111,81.1,10.5,"IntGr1KomUtbBAS",7.2,48300,347760,16.16763901,47.79527559
"0180","Stockholm",2023,988943,620834,0.628267765436942,80.5,10.5,"IntGr1KomUtbBAS",6.2,52500,325500,14.33091015,55.96228508
"0181","Södertälje",2016,94631,56361,0.33897523312945,73.3,21.5,"IntGr1KomKonUtb",5.3,44300,234790,10.2,20.40816326
"0181","Södertälje",2017,96032,57177,0.339432448863525,74.2,20.1,"IntGr1KomKonUtb",5.4,44800,241920,10.3,45.96273292
"0181","Södertälje",2018,97381,57998,0.345067045214756,75.5,18.7,"IntGr1KomKonUtb",5.6,45500,254800,9.5,36.73469388
"0181","Södertälje",2019,98979,58986,0.351704951313959,75.4,17.3,"IntGr1KomKonUtb",5.6,46500,260400,9.6,20.75055188
"0181","Södertälje",2020,100111,59678,0.357793231339824,73.7,20.2,"IntGr1KomKonUtb",5.6,47300,264880,11.5,24.19354838
"0181","Södertälje",2021,101209,60170,0.363248883908067,75.3,19.6,"IntGr1KomKonUtb",5.8,47600,276080,11.97485128,37.20930233
"0181","Södertälje",2022,102426,60986,0.378317181414727,77.7,17.5,"IntGr1KomUtbBAS",6,48300,289800,11.37427664,54.28571428
"0181","Södertälje",2023,102519,61000,0.386456635886294,77.6,16.6,"IntGr1KomUtbBAS",5.2,52500,273000,9.58935189,56.75675675
"0182","Nacka",2016,99359,56181,0.566448246095896,83.6,8.4,"IntGr1KomKonUtb",7,44300,310100,16.2,39.5256917
"0182","Nacka",2017,101231,57087,0.571255364600373,83.4,8.4,"IntGr1KomKonUtb",7.1,44800,318080,16.1,35.11904762
"0182","Nacka",2018,103656,58681,0.57859662877303,83.5,8.3,"IntGr1KomKonUtb",7.2,45500,327600,15.2,48.99536322
"0182","Nacka",2019,105189,59365,0.584267803963381,82.8,8.2,"IntGr1KomKonUtb",7.3,46500,339450,16.8,62.98701299
"0182","Nacka",2020,106505,60129,0.594012214791859,82.1,10.8,"IntGr1KomKonUtb",7.4,47300,350020,15.4,47.1810089
"0182","Nacka",2021,108234,60870,0.603304161457403,83.3,9.6,"IntGr1KomKonUtb",7.8,47600,371280,17.25433613,45.53314121
"0182","Nacka",2022,109486,61611,0.615592251508415,85.3,7.7,"IntGr1KomUtbBAS",8,48300,386400,15.18425159,30.37249283
"0182","Nacka",2023,110633,62410,0.624788398108236,84.5,7.8,"IntGr1KomUtbBAS",7,52500,367500,13.78871133,50.76923076
"0183","Sundbyberg",2016,47750,31458,0.490902704601335,80.5,12.5,"IntGr1KomKonUtb",6.1,44300,270230,14.8,53.64583334
"0183","Sundbyberg",2017,49424,32600,0.503200808625337,81,12.1,"IntGr1KomKonUtb",6.2,44800,277760,12.9,25.81521739
"0183","Sundbyberg",2018,50564,33274,0.516751734066222,81.9,11.4,"IntGr1KomKonUtb",6.4,45500,291200,12.8,54.8
"0183","Sundbyberg",2019,52414,34528,0.526728819411746,81.8,10.9,"IntGr1KomKonUtb",6.4,46500,297600,12.9,55.11551155
"0183","Sundbyberg",2020,52801,34767,0.539566782522344,80.4,14.1,"IntGr1KomKonUtb",6.5,47300,307450,13.2,45.83333333
"0183","Sundbyberg",2021,53564,35228,0.550119331742244,81.5,13.1,"IntGr1KomKonUtb",6.8,47600,323680,13.65289615,47.18309859
"0183","Sundbyberg",2022,54070,35469,0.564152257517488,82.7,11.2,"IntGr1KomUtbBAS",7,48300,338100,12.34434218,51.69491525
"0183","Sundbyberg",2023,55912,36805,0.576884920634921,82.5,11.2,"IntGr1KomUtbBAS",6,52500,315000,12.56106071,42.97520661
"0184","Solna",2016,78129,51566,0.606427423674344,79.8,8.2,"IntGr1KomKonUtb",6.5,44300,287950,15.9,
"0184","Solna",2017,79707,52517,0.61213935764834,79.8,8,"IntGr1KomKonUtb",6.7,44800,300160,13.7,79.7752809
"0184","Solna",2018,80950,53326,0.626365697794269,79.8,7.8,"IntGr1KomKonUtb",6.8,45500,309400,14.2,83.11688312
"0184","Solna",2019,82429,54209,0.634682104243989,79.7,7.7,"IntGr1KomKonUtb",6.9,46500,320850,12.2,68.07511737
"0184","Solna",2020,83162,54691,0.643942718098049,78.6,10.9,"IntGr1KomKonUtb",7,47300,331100,14.9,87.12871287
"0184","Solna",2021,84187,55623,0.652223422008442,79.4,9.7,"IntGr1KomKonUtb",7.3,47600,347480,14.82835319,97.97979798
"0184","Solna",2022,85450,56612,0.667540376980303,80.8,7.8,"IntGr1KomUtbBAS",7.6,48300,367080,13.76859105,97.5
"0184","Solna",2023,85426,56322,0.675923053056159,80.8,8.1,"IntGr1KomUtbBAS",6.6,52500,346500,11.32382065,96.7948718
"0186","Lidingö",2016,46853,25196,0.635080911856784,81.1,7.4,"IntGr1KomKonUtb",7.2,44300,318960,17,
"0186","Lidingö",2017,47185,25235,0.639793643160058,81.3,7.3,"IntGr1KomKonUtb",7.4,44800,331520,18.3,100
"0186","Lidingö",2018,47818,25554,0.644142980189492,81.6,7.3,"IntGr1KomKonUtb",7.5,45500,341250,16,100
"0186","Lidingö",2019,48123,25634,0.650623046289556,80.8,7,"IntGr1KomKonUtb",7.6,46500,353400,15.9,18
"0186","Lidingö",2020,48005,25572,0.658729480164159,80.4,9.5,"IntGr1KomKonUtb",7.7,47300,364210,16.5,18.84057971
"0186","Lidingö",2021,48162,25588,0.662714322272456,81.4,8.9,"IntGr1KomKonUtb",8,47600,380800,16.56168165,95.65217391
"0186","Lidingö",2022,48432,25790,0.66943866943867,83.6,6.9,"IntGr1KomUtbBAS",8.3,48300,400890,15.83542469,92.10526316
"0186","Lidingö",2023,48324,25677,0.675405636208369,82.4,7.2,"IntGr1KomUtbBAS",7.3,52500,383250,14.26568524,88.15789474
"0187","Vaxholm",2016,11621,6133,0.539978486912872,84.6,6,"IntGr1KomKonUtb",7.2,44300,318960,17.1,
"0187","Vaxholm",2017,11831,6242,0.540298507462687,84.6,6.4,"IntGr1KomKonUtb",7.3,44800,327040,20.2,
"0187","Vaxholm",2018,12023,6333,0.549107916161441,85.1,6.4,"IntGr1KomKonUtb",7.5,45500,341250,15.6,
"0187","Vaxholm",2019,12003,6280,0.554395126196693,83.9,6.5,"IntGr1KomKonUtb",7.5,46500,348750,14.7,
"0187","Vaxholm",2020,11886,6194,0.558229404531881,83.8,8.7,"IntGr1KomKonUtb",7.6,47300,359480,15.4,90.90909091
"0187","Vaxholm",2021,11996,6228,0.571403692093347,83.5,8.3,"IntGr1KomKonUtb",8,47600,380800,17.28359499,
"0187","Vaxholm",2022,11899,6136,0.580456718003187,85.8,6.7,"IntGr1KomUtbBAS",8.2,48300,396060,14.96833621,
"0187","Vaxholm",2023,11817,6084,0.585558143701846,84.6,5.9,"IntGr1KomUtbBAS",7.2,52500,378000,10.35287256,
"0188","Norrtälje",2016,59420,31898,0.285433070866142,81.4,9.3,"IntGr1KomKonUtb",5.7,44300,252510,14.5,28.72340426
"0188","Norrtälje",2017,60808,32482,0.290112675091613,81.2,9.3,"IntGr1KomKonUtb",5.8,44800,259840,12.7,32.46753246
"0188","Norrtälje",2018,61769,32777,0.297842259400141,81.5,9.3,"IntGr1KomKonUtb",5.9,45500,268450,12.7,36.09022556
"0188","Norrtälje",2019,62622,33081,0.300795492210805,81.8,8.9,"IntGr1KomKonUtb",5.9,46500,274350,11.6,28.75
"0188","Norrtälje",2020,63673,33529,0.307865095383814,80.8,10.6,"IntGr1KomKonUtb",6,47300,283800,12.5,24.25742574
"0188","Norrtälje",2021,64762,33983,0.31757319495163,81.4,10.4,"IntGr1KomKonUtb",6.2,47600,295120,14.13786477,18.18181819
"0188","Norrtälje",2022,65587,34229,0.33101122880682,82.9,9.1,"IntGr1KomUtbBAS",6.3,48300,304290,13.05561638,18.47826087
"0188","Norrtälje",2023,65770,34164,0.339639467482005,82.4,8.7,"IntGr1KomUtbBAS",5.5,52500,288750,11.73498492,
"0191","Sigtuna",2016,46274,27397,0.349579487179487,78.7,13.2,"IntGr1KomKonUtb",5.7,44300,252510,13.6,93.73134328
"0191","Sigtuna",2017,47146,27884,0.352062931449671,79.2,12.9,"IntGr1KomKonUtb",5.7,44800,255360,14.1,60.23391813
"0191","Sigtuna",2018,48130,28421,0.359509298327864,79.6,12.5,"IntGr1KomKonUtb",5.9,45500,268450,12.6,50.69124424
"0191","Sigtuna",2019,48964,28839,0.363015275965303,78.4,12.6,"IntGr1KomKonUtb",5.9,46500,274350,12.1,42.85714286
"0191","Sigtuna",2020,49537,29205,0.368574016758511,75.3,18.9,"IntGr1KomKonUtb",5.8,47300,274340,14.7,50.54945054
"0191","Sigtuna",2021,50273,29545,0.372921084942516,77.3,18.5,"IntGr1KomKonUtb",6,47600,285600,15.16191427,
"0191","Sigtuna",2022,51876,30576,0.385308210541485,79.4,14.9,"IntGr1KomUtbBAS",6.2,48300,299460,13.4110969,54.28571428
"0191","Sigtuna",2023,52529,31059,0.38963907792069,79.1,13.8,"IntGr1KomUtbBAS",5.3,52500,278250,11.97550602,46.15384615
"0192","Nynäshamn",2016,27752,15431,0.292484717727436,81,10.5,"IntGr1KomKonUtb",5.9,44300,261370,12.8,
"0192","Nynäshamn",2017,28109,15638,0.296207528549274,80.5,10.9,"IntGr1KomKonUtb",6,44800,268800,10.7,52.14285714
"0192","Nynäshamn",2018,28290,15604,0.299303454583832,80.8,11.1,"IntGr1KomKonUtb",6.1,45500,277550,13.1,79.55801105
"0192","Nynäshamn",2019,28575,15697,0.306324524091765,81,11.1,"IntGr1KomKonUtb",6.1,46500,283650,12.1,69.26829268
"0192","Nynäshamn",2020,28811,15791,0.312296951683141,79.9,13.3,"IntGr1KomKonUtb",6.1,47300,288530,11,
"0192","Nynäshamn",2021,29495,16235,0.321442993673442,80.9,12.8,"IntGr1KomKonUtb",6.4,47600,304640,13.184409,60.90225563
"0192","Nynäshamn",2022,30043,16511,0.33084396272553,81.8,11.7,"IntGr1KomUtbBAS",6.5,48300,313950,11.00844171,56.54761905
"0192","Nynäshamn",2023,30311,16585,0.336206329363774,81,11.2,"IntGr1KomUtbBAS",5.6,52500,294000,10.33707865,70.67669173
"0305","Håbo",2016,20737,11498,0.320762015278987,84.8,8.1,"IntGr1KomKonUtb",6.4,44300,283520,12.5,
"0305","Håbo",2017,21083,11653,0.325519848771267,85.2,9.1,"IntGr1KomKonUtb",6.5,44800,291200,13.2,25
"0305","Håbo",2018,21564,11897,0.329978764657003,85,8.8,"IntGr1KomKonUtb",6.6,45500,300300,13.1,33.87096774
"0305","Håbo",2019,21934,12149,0.333453529252682,84.5,8.7,"IntGr1KomKonUtb",6.6,46500,306900,10.6,46
"0305","Håbo",2020,22019,12253,0.336960399571887,83.5,10.9,"IntGr1KomKonUtb",6.6,47300,312180,12.6,
"0305","Håbo",2021,22344,12415,0.348319549533697,84.5,10.5,"IntGr1KomKonUtb",6.8,47600,323680,12.75905303,43.2160804
"0305","Håbo",2022,22765,12734,0.360210417385305,86.2,8.6,"IntGr1KomUtbBAS",7,48300,338100,10.42814129,27.24252491
"0305","Håbo",2023,22974,12914,0.364486776086402,85.4,8.7,"IntGr1KomUtbBAS",6.1,52500,320250,10.78648475,23.45276873
"0319","Älvkarleby",2016,9445,5170,0.262976523799268,75.3,19,"IntGr1KomKonUtb",5.4,44300,239220,10.1,30.18867925
"0319","Älvkarleby",2017,9402,5054,0.2647954743255,76.5,18.3,"IntGr1KomKonUtb",5.5,44800,246400,6.9,13.33333334
"0319","Älvkarleby",2018,9392,4998,0.271494202581492,78,16.9,"IntGr1KomKonUtb",5.6,45500,254800,7.7,26.08695652
"0319","Älvkarleby",2019,9457,4998,0.273301393728223,78.3,15.5,"IntGr1KomKonUtb",5.7,46500,265050,7.1,22
"0319","Älvkarleby",2020,9511,4978,0.27594442032132,78.5,16.1,"IntGr1KomKonUtb",5.8,47300,274340,7,32.60869565
"0319","Älvkarleby",2021,9627,5011,0.283088235294118,80.4,16,"IntGr1KomKonUtb",6,47600,285600,7.17043574,66.66666667
"0319","Älvkarleby",2022,9625,5038,0.294193826894021,81.8,13.9,"IntGr1KomUtbBAS",6.2,48300,299460,6.97119795,65.95744681
"0319","Älvkarleby",2023,9572,4997,0.301017095866696,81.1,13.5,"IntGr1KomUtbBAS",5.4,52500,283500,6.40087784,78.18181818
"0330","Knivsta",2016,17323,9669,0.50192918747163,87.7,6.5,"IntGr1KomKonUtb",6.7,44300,296810,12.8,44.11764706
"0330","Knivsta",2017,18064,10035,0.500326655052265,87.4,6.7,"IntGr1KomKonUtb",6.8,44800,304640,12.3,34.0909091
"0330","Knivsta",2018,18720,10395,0.50645940552463,87.2,6.6,"IntGr1KomKonUtb",6.8,45500,309400,12.1,100
"0330","Knivsta",2019,18835,10422,0.513721413721414,86.9,7,"IntGr1KomKonUtb",6.9,46500,320850,12.6,29.03225806
"0330","Knivsta",2020,19106,10582,0.519199346405229,86.2,10.1,"IntGr1KomKonUtb",6.8,47300,321640,11.1,73.87387388
"0330","Knivsta",2021,19818,11086,0.528376118815777,86.4,10.1,"IntGr1KomKonUtb",7,47600,333200,11.57445411,50.84745762
"0330","Knivsta",2022,20133,11277,0.535579436537903,87.4,7.9,"IntGr1KomUtbBAS",7.2,48300,347760,12.90427965,
"0330","Knivsta",2023,20714,11718,0.540812488245251,86.9,7.9,"IntGr1KomUtbBAS",6.3,52500,330750,12.92964986,48.27586207
"0331","Heby",2016,13755,7402,0.235977380406541,80.4,10.9,"IntGr1KomKonUtb",5.4,44300,239220,11.1,
"0331","Heby",2017,13854,7462,0.240120210368144,80.4,10.8,"IntGr1KomKonUtb",5.5,44800,246400,11,
"0331","Heby",2018,13910,7453,0.24486759892889,80.2,10.9,"IntGr1KomKonUtb",5.6,45500,254800,9.8,
"0331","Heby",2019,14047,7545,0.246398118200529,81.2,10.9,"IntGr1KomKonUtb",5.6,46500,260400,11.8,
"0331","Heby",2020,14101,7500,0.255449890270666,79.8,13.2,"IntGr1KomKonUtb",5.6,47300,264880,11,
"0331","Heby",2021,14303,7582,0.259901705695288,80.7,13,"IntGr1KomKonUtb",5.8,47600,276080,12.76386843,
"0331","Heby",2022,14421,7628,0.27245380318006,82.1,11.7,"IntGr1KomUtbBAS",5.9,48300,284970,11.74168297,
"0331","Heby",2023,14343,7524,0.279541829781064,81.6,11.1,"IntGr1KomUtbBAS",5.2,52500,273000,10.92630812,
"0360","Tierp",2016,20744,11251,0.244595676541233,78.4,14.5,"IntGr1KomKonUtb",5.5,44300,243650,11.6,31.09243698
"0360","Tierp",2017,20930,11332,0.243451616091727,79.2,14.2,"IntGr1KomKonUtb",5.5,44800,246400,8.7,45.27027027
"0360","Tierp",2018,21127,11394,0.248481880509305,80.2,13.5,"IntGr1KomKonUtb",5.7,45500,259350,9.4,42.62295082
"0360","Tierp",2019,21136,11341,0.255807144251415,79.9,12.3,"IntGr1KomKonUtb",5.6,46500,260400,8.1,22.93577982
"0360","Tierp",2020,21327,11390,0.262658534224029,79.3,14.6,"IntGr1KomKonUtb",5.7,47300,269610,8,21.59090909
"0360","Tierp",2021,21485,11399,0.267103488148005,79.9,14,"IntGr1KomKonUtb",5.9,47600,280840,10.63311688,28.94736842
"0360","Tierp",2022,21406,11304,0.277135145556198,81.4,12.3,"IntGr1KomUtbBAS",6.1,48300,294630,9.24574209,34.61538462
"0360","Tierp",2023,21193,11124,0.283103684159093,81.1,11.2,"IntGr1KomUtbBAS",5.3,52500,278250,7.67159063,34.90566038
"0380","Uppsala",2016,214559,131065,0.565485597299045,76.1,9.6,"IntGr1KomKonUtb",5.6,44300,248080,11.8,43.43434343
"0380","Uppsala",2017,219914,133751,0.567122186495177,76.1,9.9,"IntGr1KomKonUtb",5.7,44800,255360,11.2,40.3608737
"0380","Uppsala",2018,225164,136605,0.571495678316422,76,10,"IntGr1KomKonUtb",5.8,45500,263900,9.9,37.13114754
"0380","Uppsala",2019,230767,139900,0.574624563275993,76.7,10.1,"IntGr1KomKonUtb",5.8,46500,269700,9.7,44.61637653
"0380","Uppsala",2020,233839,141769,0.580095826358021,74.7,12.3,"IntGr1KomKonUtb",5.8,47300,274340,11.3,38.43317973
"0380","Uppsala",2021,237596,143915,0.585987261146497,76.1,11.8,"IntGr1KomKonUtb",6,47600,285600,11.04388371,44.9387492
"0380","Uppsala",2022,242140,147047,0.594134676300532,77.2,10.2,"IntGr1KomUtbBAS",6.2,48300,299460,10.42624564,48.72572816
"0380","Uppsala",2023,245329,149289,0.599035121881433,77,9.9,"IntGr1KomUtbBAS",5.3,52500,278250,9.68727033,22.16924911
"0381","Enköping",2016,42988,23984,0.330380992548854,83,11.2,"IntGr1KomKonUtb",5.8,44300,256940,11.9,66.03773584
"0381","Enköping",2017,43797,24334,0.334616442122629,83.5,11.7,"IntGr1KomKonUtb",5.9,44800,264320,11.1,
"0381","Enköping",2018,44429,24542,0.337905518206019,83.7,11.5,"IntGr1KomKonUtb",6,45500,273000,11,35.34883721
"0381","Enköping",2019,45287,24900,0.340204814470009,82.8,12,"IntGr1KomKonUtb",6,46500,279000,9.8,49.71098266
"0381","Enköping",2020,46240,25387,0.344541825754946,81.8,13.4,"IntGr1KomKonUtb",6,47300,283800,12.4,73.22404372
"0381","Enköping",2021,47489,26031,0.351208139041967,82.7,13.2,"IntGr1KomKonUtb",6.2,47600,295120,12.10136674,56.85279188
"0381","Enköping",2022,47848,26243,0.362074036724232,84,11.5,"IntGr1KomUtbBAS",6.4,48300,309120,12.37413133,60.36036036
"0381","Enköping",2023,48292,26441,0.370723148264194,83.4,11.3,"IntGr1KomUtbBAS",5.6,52500,294000,9.34284008,44.82758621
"0382","Östhammar",2016,21822,11560,0.249782082324455,84.3,8.5,"IntGr1KomKonUtb",5.8,44300,256940,10.6,
"0382","Östhammar",2017,21927,11510,0.25012052839649,84.7,8.1,"IntGr1KomKonUtb",5.9,44800,264320,8.8,58.33333334
"0382","Östhammar",2018,22048,11495,0.252713476131015,85,7.9,"IntGr1KomKonUtb",6,45500,273000,8.5,42.30769231
"0382","Östhammar",2019,22250,11499,0.258734564946875,85.3,7.7,"IntGr1KomKonUtb",6.1,46500,283650,8.1,66.66666667
"0382","Östhammar",2020,22251,11403,0.262472469596859,85,8.5,"IntGr1KomKonUtb",6.1,47300,288530,9.8,25
"0382","Östhammar",2021,22364,11373,0.267470802220946,85.2,8.8,"IntGr1KomKonUtb",6.4,47600,304640,9.12869835,20
"0382","Östhammar",2022,22344,11272,0.275458937198068,86.3,7.8,"IntGr1KomUtbBAS",6.4,48300,309120,9.53001548,23.80952381
"0382","Östhammar",2023,22172,11102,0.278049257232213,86.2,7,"IntGr1KomUtbBAS",5.6,52500,294000,6.9706413,23.33333333
"0428","Vingåker",2016,9099,4713,0.218077474892396,75.9,16.9,"IntGr1KomKonUtb",5.3,44300,234790,12.6,19.48051948
"0428","Vingåker",2017,9180,4657,0.226482495832341,77.1,16.3,"IntGr1KomKonUtb",5.4,44800,241920,10.2,28.39506173
"0428","Vingåker",2018,9136,4591,0.233220666344761,77.4,16.2,"IntGr1KomKonUtb",5.5,45500,250250,8.2,35.38461538
"0428","Vingåker",2019,9111,4583,0.234032296939021,77.6,14.5,"IntGr1KomKonUtb",5.6,46500,260400,7.7,40.32258065
"0428","Vingåker",2020,9144,4622,0.236842105263158,76.7,16.3,"IntGr1KomKonUtb",5.6,47300,264880,10.7,30.3030303
"0428","Vingåker",2021,9063,4579,0.241900647948164,78.1,15,"IntGr1KomKonUtb",5.7,47600,271320,12.49008723,36.11111111
"0428","Vingåker",2022,8981,4524,0.255898808075894,80,13.2,"IntGr1KomUtbBAS",5.9,48300,284970,10.11904762,41.81818181
"0428","Vingåker",2023,8856,4446,0.260301011596348,79.7,12.2,"IntGr1KomUtbBAS",5.1,52500,267750,9.63275136,31.03448276
"0461","Gnesta",2016,10861,5859,0.332393307012596,82.4,9.6,"IntGr1KomKonUtb",5.7,44300,252510,11.2,
"0461","Gnesta",2017,11019,5857,0.343054776593756,83,9.2,"IntGr1KomKonUtb",5.9,44800,264320,10.9,53.46534654
"0461","Gnesta",2018,11237,5898,0.347376201034738,82.8,8.2,"IntGr1KomKonUtb",6,45500,273000,10.5,
"0461","Gnesta",2019,11365,5946,0.350893182646737,82.6,8.5,"IntGr1KomKonUtb",6.1,46500,283650,9.6,39.58333333
"0461","Gnesta",2020,11421,5963,0.353801697670219,81.2,10.8,"IntGr1KomKonUtb",6.1,47300,288530,13,39.39393939
"0461","Gnesta",2021,11513,6006,0.362526920315865,82,10,"IntGr1KomKonUtb",6.3,47600,299880,11.04463875,19.23076923
"0461","Gnesta",2022,11612,6057,0.377928814165623,83.3,8.9,"IntGr1KomUtbBAS",6.4,48300,309120,9.96474015,
"0461","Gnesta",2023,11520,5994,0.389842761612145,82.1,8.5,"IntGr1KomUtbBAS",5.6,52500,294000,9.15471468,34.48275862
"0480","Nyköping",2016,54924,29402,0.351410968281737,80.9,13.7,"IntGr1KomKonUtb",5.8,44300,256940,12.7,
"0480","Nyköping",2017,55467,29557,0.355019566526189,81.4,13.4,"IntGr1KomKonUtb",5.9,44800,264320,10,33.07086614
"0480","Nyköping",2018,56011,29655,0.360384171537058,81,12.8,"IntGr1KomKonUtb",6,45500,273000,10,40.24390244
"0480","Nyköping",2019,56591,29850,0.362927946227426,80.7,13.2,"IntGr1KomKonUtb",6,46500,279000,9.6,29.41176471
"0480","Nyköping",2020,57071,30049,0.370164533820841,79.4,15.6,"IntGr1KomKonUtb",6,47300,283800,11.3,24.65753424
"0480","Nyköping",2021,57633,30276,0.375597912740977,80.2,14.5,"IntGr1KomKonUtb",6.2,47600,295120,12.46579507,60.6060606
"0480","Nyköping",2022,58021,30341,0.389133415109315,81.8,13,"IntGr1KomUtbBAS",6.4,48300,309120,10.34964186,34.66666667
"0480","Nyköping",2023,58200,30571,0.397193739881274,81.1,12.5,"IntGr1KomUtbBAS",5.5,52500,288750,10.03707388,47.43589744
"0481","Oxelösund",2016,11921,6246,0.261803336883209,75.6,19.7,"IntGr1KomKonUtb",5.6,44300,248080,7.6,13.33333334
"0481","Oxelösund",2017,12008,6217,0.267057569296375,76.8,19.6,"IntGr1KomKonUtb",5.7,44800,255360,7.7,46.15384615
"0481","Oxelösund",2018,12062,6134,0.262714899713467,76.9,17.8,"IntGr1KomKonUtb",5.8,45500,263900,7.3,28.57142857
"0481","Oxelösund",2019,11983,6058,0.26618444846293,77.6,17.6,"IntGr1KomKonUtb",5.8,46500,269700,6.4,23.25581396
"0481","Oxelösund",2020,11995,6033,0.271956717763751,76.7,19,"IntGr1KomKonUtb",5.8,47300,274340,7.4,43.18181818
"0481","Oxelösund",2021,12132,6076,0.278114958943235,79.3,16.9,"IntGr1KomKonUtb",6.1,47600,290360,7.04764823,
"0481","Oxelösund",2022,12086,5997,0.28448275862069,81.3,14.7,"IntGr1KomUtbBAS",6.3,48300,304290,8.24301633,17.85714286
"0481","Oxelösund",2023,12106,6043,0.291637010676157,79,13.2,"IntGr1KomUtbBAS",5.4,52500,283500,6.14911607,15.17857143
"0482","Flen",2016,16830,8486,0.261228230980752,70.3,20.6,"IntGr1KomKonUtb",5.2,44300,230360,9.5,
"0482","Flen",2017,16864,8421,0.264887603523071,71.2,21.6,"IntGr1KomKonUtb",5.3,44800,237440,10.1,23.86363637
"0482","Flen",2018,16705,8241,0.271997860390479,72.1,21,"IntGr1KomKonUtb",5.3,45500,241150,9.7,
"0482","Flen",2019,16585,8215,0.270281178528185,72.7,19.2,"IntGr1KomKonUtb",5.4,46500,251100,8.4,35.18518519
"0482","Flen",2020,16431,8115,0.273423608261524,71.7,20,"IntGr1KomKonUtb",5.4,47300,255420,11.6,
"0482","Flen",2021,16316,7995,0.275952875952876,72.8,19.6,"IntGr1KomKonUtb",5.6,47600,266560,10.98523859,
"0482","Flen",2022,16058,7824,0.284408828904822,75,17.9,"IntGr1KomUtbBAS",5.8,48300,280140,6.84853327,
"0482","Flen",2023,15668,7644,0.289519147710913,74.8,17,"IntGr1KomUtbBAS",5,52500,262500,11.08518086,
"0483","Katrineholm",2016,33722,18165,0.292758471163972,75.8,17.8,"IntGr1KomKonUtb",5.4,44300,239220,9.3,15.05791506
"0483","Katrineholm",2017,34133,18211,0.293398082124416,76.9,17.8,"IntGr1KomKonUtb",5.5,44800,246400,8.1,26.42642643
"0483","Katrineholm",2018,34550,18293,0.299237572430619,77.5,16.5,"IntGr1KomKonUtb",5.6,45500,254800,8.2,25.52301256
"0483","Katrineholm",2019,34755,18300,0.305126019724827,77.7,16.1,"IntGr1KomKonUtb",5.6,46500,260400,8.3,19.17098446
"0483","Katrineholm",2020,34765,18339,0.307500759186152,76.8,17,"IntGr1KomKonUtb",5.6,47300,264880,8.3,23.38129496
"0483","Katrineholm",2021,34764,18329,0.313441024078025,78.3,15.7,"IntGr1KomKonUtb",5.9,47600,280840,8.09392955,26.76767677
"0483","Katrineholm",2022,34604,18286,0.321841188336695,79.5,14.7,"IntGr1KomUtbBAS",6,48300,289800,9.895547,35.75129534
"0483","Katrineholm",2023,34324,18093,0.326141897306294,78.9,14.2,"IntGr1KomUtbBAS",5.2,52500,273000,8.29479188,29.56989247
"0484","Eskilstuna",2016,103684,58251,0.348193518374942,74.1,20.8,"IntGr1KomKonUtb",5.4,44300,239220,9.9,
"0484","Eskilstuna",2017,104709,58450,0.352112405335794,75.1,20.4,"IntGr1KomKonUtb",5.4,44800,241920,8.8,
"0484","Eskilstuna",2018,105924,58925,0.356252253620025,75.6,19.3,"IntGr1KomKonUtb",5.5,45500,250250,9.1,33.14917127
"0484","Eskilstuna",2019,106859,59333,0.361241768579492,75.1,19.6,"IntGr1KomKonUtb",5.5,46500,255750,8.5,100
"0484","Eskilstuna",2020,106975,59229,0.364919544556319,74,21.3,"IntGr1KomKonUtb",5.5,47300,260150,8.9,24.00306749
"0484","Eskilstuna",2021,107593,59633,0.371397559697582,75.7,20.1,"IntGr1KomKonUtb",5.8,47600,276080,10.10303864,
"0484","Eskilstuna",2022,107918,59817,0.381594405594406,77.9,17.7,"IntGr1KomUtbBAS",6,48300,289800,9.53792018,
"0484","Eskilstuna",2023,107468,59596,0.387269738071218,77.8,16.8,"IntGr1KomUtbBAS",5.1,52500,267750,8.30429644,26.19047619
"0486","Strängnäs",2016,34609,18589,0.367060079473341,82.2,11.5,"IntGr1KomKonUtb",6.1,44300,270230,12.6,
"0486","Strängnäs",2017,35045,18673,0.371184156559442,82.4,11.6,"IntGr1KomKonUtb",6.1,44800,273280,12.9,29.6875
"0486","Strängnäs",2018,35761,18965,0.376453655728267,82.1,11.1,"IntGr1KomKonUtb",6.2,45500,282100,12.1,23.74429224
"0486","Strängnäs",2019,36544,19367,0.381014011591919,81.2,11.4,"IntGr1KomKonUtb",6.3,46500,292950,10.3,
"0486","Strängnäs",2020,37290,19766,0.38849318093976,80.2,13,"IntGr1KomKonUtb",6.3,47300,297990,12.4,14.81481482
"0486","Strängnäs",2021,38129,20069,0.39732843004705,81.7,12.8,"IntGr1KomKonUtb",6.5,47600,309400,12.91149673,
"0486","Strängnäs",2022,38526,20300,0.410456538009195,83.4,10.5,"IntGr1KomUtbBAS",6.7,48300,323610,11.54355067,64.28571429
"0486","Strängnäs",2023,38917,20498,0.415230418412261,82.6,10,"IntGr1KomUtbBAS",5.8,52500,304500,10.17055938,
"0488","Trosa",2016,12447,6537,0.331075359864522,84.5,7.7,"IntGr1KomKonUtb",6.3,44300,279090,16.2,19.79166666
"0488","Trosa",2017,12916,6731,0.334149926506614,84.9,7.7,"IntGr1KomKonUtb",6.4,44800,286720,14.5,36.17021277
"0488","Trosa",2018,13309,6908,0.342938119981105,85,7.9,"IntGr1KomKonUtb",6.5,45500,295750,12.1,48
"0488","Trosa",2019,13747,7115,0.353684531059683,84.6,7.4,"IntGr1KomKonUtb",6.6,46500,306900,10.9,21.05263158
"0488","Trosa",2020,14309,7365,0.358725965066784,83.9,9.2,"IntGr1KomKonUtb",6.5,47300,307450,17.9,60
"0488","Trosa",2021,14658,7562,0.368668854330147,84,8.7,"IntGr1KomKonUtb",6.8,47600,323680,15.91187271,68.75
"0488","Trosa",2022,14760,7589,0.383689650290245,85.8,7.3,"IntGr1KomUtbBAS",7,48300,338100,13.87030052,52.77777778
"0488","Trosa",2023,14885,7609,0.393159977388355,84.9,6.9,"IntGr1KomUtbBAS",6.1,52500,320250,9.83726014,54.90196079
"0509","Ödeshög",2016,5335,2724,0.251330331559558,78.9,13.4,"IntGr1KomKonUtb",5.4,44300,239220,11.5,
"0509","Ödeshög",2017,5343,2716,0.253463732681337,79.1,13.1,"IntGr1KomKonUtb",5.5,44800,246400,11.5,
"0509","Ödeshög",2018,5323,2705,0.256147540983607,80.1,12.6,"IntGr1KomKonUtb",5.6,45500,254800,10.1,53.44827586
"0509","Ödeshög",2019,5337,2720,0.266341859520909,81.6,12.1,"IntGr1KomKonUtb",5.6,46500,260400,13.4,81.875
"0509","Ödeshög",2020,5338,2696,0.271111111111111,82.3,13.4,"IntGr1KomKonUtb",5.6,47300,264880,12.6,49.29577464
"0509","Ödeshög",2021,5309,2654,0.276508972267537,83.7,11.8,"IntGr1KomKonUtb",6,47600,285600,12.11491866,40.42553192
"0509","Ödeshög",2022,5317,2664,0.290322580645161,84.4,10.7,"IntGr1KomUtbBAS",6.1,48300,294630,7.2815534,
"0509","Ödeshög",2023,5279,2648,0.293900941465411,84.1,8.3,"IntGr1KomUtbBAS",5.3,52500,278250,9.65517241,37.93103448
"0512","Ydre",2016,3675,1822,0.290746268656716,83.8,8,"IntGr1KomKonUtb",5.5,44300,243650,8,
"0512","Ydre",2017,3733,1853,0.289982425307557,83.6,7.3,"IntGr1KomKonUtb",5.6,44800,250880,11.6,100
"0512","Ydre",2018,3743,1860,0.287289611143355,84.7,7.8,"IntGr1KomKonUtb",5.7,45500,259350,9.9,
"0512","Ydre",2019,3747,1850,0.298110979929162,83.2,7.1,"IntGr1KomKonUtb",5.7,46500,265050,10.3,75
"0512","Ydre",2020,3726,1830,0.29702380952381,82.8,7.9,"IntGr1KomKonUtb",5.7,47300,269610,9.9,
"0512","Ydre",2021,3695,1782,0.310893512851897,84.8,7.2,"IntGr1KomKonUtb",5.9,47600,280840,11.89245088,0
"0512","Ydre",2022,3683,1743,0.316997518610422,85,6.3,"IntGr1KomUtbBAS",6.1,48300,294630,8.2815735,50
"0512","Ydre",2023,3637,1710,0.324748743718593,85.1,6.3,"IntGr1KomUtbBAS",5.3,52500,278250,8.994709,
"0513","Kinda",2016,9874,5105,0.30125977410947,82.9,11.4,"IntGr1KomKonUtb",5.7,44300,252510,9,45.23809524
"0513","Kinda",2017,9882,5072,0.302269751200349,83.6,10,"IntGr1KomKonUtb",5.8,44800,259840,8.9,42.85714286
"0513","Kinda",2018,9915,5083,0.306675335934114,83.6,8.9,"IntGr1KomKonUtb",5.9,45500,268450,7.8,38.82352942
"0513","Kinda",2019,9940,5049,0.308730677117353,84,8.8,"IntGr1KomKonUtb",5.9,46500,274350,10.6,35.84905661
"0513","Kinda",2020,9991,5052,0.31899719040415,84,9.6,"IntGr1KomKonUtb",5.9,47300,279070,10.4,53.33333334
"0513","Kinda",2021,10048,5073,0.3260543780775,84.4,9.3,"IntGr1KomKonUtb",6.1,47600,290360,9.59276018,32.14285714
"0513","Kinda",2022,10068,5042,0.334407908875994,85.1,8.5,"IntGr1KomUtbBAS",6.3,48300,304290,8.3242852,27.77777778
"0513","Kinda",2023,9992,4986,0.345052083333333,85.2,7.9,"IntGr1KomUtbBAS",5.5,52500,288750,7.97390359,16.66666667
"0560","Boxholm",2016,5373,2831,0.240328253223916,81.6,10.5,"IntGr1KomKonUtb",5.8,44300,256940,5.8,
"0560","Boxholm",2017,5453,2880,0.255831739961759,81.7,11.1,"IntGr1KomKonUtb",5.9,44800,264320,6.5,
"0560","Boxholm",2018,5449,2864,0.265998457979954,82.2,10.6,"IntGr1KomKonUtb",5.9,45500,268450,8.7,
"0560","Boxholm",2019,5476,2878,0.267993874425727,82.4,10.4,"IntGr1KomKonUtb",5.9,46500,274350,8,
"0560","Boxholm",2020,5441,2836,0.274894271434064,82.2,11.2,"IntGr1KomKonUtb",5.9,47300,279070,7.4,
"0560","Boxholm",2021,5512,2876,0.284410646387833,83,10.9,"IntGr1KomKonUtb",6.1,47600,290360,10.07474813,
"0560","Boxholm",2022,5498,2857,0.293155893536122,85.2,9.6,"IntGr1KomUtbBAS",6.3,48300,304290,8.08276754,
"0560","Boxholm",2023,5523,2856,0.298384066140549,84.2,9.2,"IntGr1KomUtbBAS",5.5,52500,288750,8.14332248,
"0561","Åtvidaberg",2016,11617,6124,0.276263177026536,81.6,11.3,"IntGr1KomKonUtb",5.6,44300,248080,7.6,58.88888888
"0561","Åtvidaberg",2017,11631,6118,0.282632342277012,82.4,11.3,"IntGr1KomKonUtb",5.6,44800,250880,6.9,55.78947368
"0561","Åtvidaberg",2018,11537,5989,0.286161207213839,82.5,9.2,"IntGr1KomKonUtb",5.7,45500,259350,6.2,73.33333334
"0561","Åtvidaberg",2019,11503,5935,0.292727943890735,84.1,9.3,"IntGr1KomKonUtb",5.8,46500,269700,8.9,66.66666667
"0561","Åtvidaberg",2020,11427,5901,0.300478997789241,83.9,10.2,"IntGr1KomKonUtb",5.7,47300,269610,9.5,71.42857143
"0561","Åtvidaberg",2021,11462,5907,0.312362030905077,84.8,9.7,"IntGr1KomKonUtb",6,47600,285600,6.88899327,
"0561","Åtvidaberg",2022,11506,5927,0.319230769230769,85.9,8.6,"IntGr1KomUtbBAS",6.1,48300,294630,8.57900484,
"0561","Åtvidaberg",2023,11460,5887,0.326707159948463,84.5,8.4,"IntGr1KomUtbBAS",5.4,52500,283500,8.6929525,
"0562","Finspång",2016,21526,11531,0.289997089356748,78.2,16.6,"IntGr1KomKonUtb",5.6,44300,248080,6.2,5.0420168
"0562","Finspång",2017,21577,11517,0.295846583791076,79.3,15.6,"IntGr1KomKonUtb",5.7,44800,255360,7.4,29.16666666
"0562","Finspång",2018,21758,11542,0.301126599198014,79.6,14.8,"IntGr1KomKonUtb",5.8,45500,263900,6,47.5
"0562","Finspång",2019,21912,11594,0.30278620166793,79.7,14.4,"IntGr1KomKonUtb",5.8,46500,269700,6.5,15.75342465
"0562","Finspång",2020,21765,11526,0.308658420551855,79.8,15.3,"IntGr1KomKonUtb",5.8,47300,274340,7.5,
"0562","Finspång",2021,21889,11600,0.315332326283988,80.7,14.7,"IntGr1KomKonUtb",6,47600,285600,7.60852154,
"0562","Finspång",2022,21903,11620,0.32251998119417,81.7,13,"IntGr1KomUtbBAS",6.1,48300,294630,7.19481973,
"0562","Finspång",2023,21694,11437,0.328897338403042,81.4,11.8,"IntGr1KomUtbBAS",5.4,52500,283500,5.7544757,56.32183908
"0563","Valdemarsvik",2016,7809,3942,0.231179775280899,77,16.1,"IntGr1KomKonUtb",5.2,44300,230360,9.9,26.47058823
"0563","Valdemarsvik",2017,7920,3928,0.235162374020157,77.3,16.8,"IntGr1KomKonUtb",5.3,44800,237440,7.8,33.33333334
"0563","Valdemarsvik",2018,7956,3892,0.239179314221473,78.9,14.9,"IntGr1KomKonUtb",5.4,45500,245700,12.1,32.78688525
"0563","Valdemarsvik",2019,7873,3847,0.242570053778658,78.7,14.8,"IntGr1KomKonUtb",5.4,46500,251100,12.3,21.56862745
"0563","Valdemarsvik",2020,7737,3777,0.243150684931507,79.2,14.6,"IntGr1KomKonUtb",5.4,47300,255420,12.6,52.63157894
"0563","Valdemarsvik",2021,7660,3701,0.248257839721254,80.8,12.3,"IntGr1KomKonUtb",5.7,47600,271320,11.95814649,50
"0563","Valdemarsvik",2022,7630,3694,0.253001464128843,81.8,11.1,"IntGr1KomUtbBAS",5.8,48300,280140,10.71250623,65.2173913
"0563","Valdemarsvik",2023,7541,3611,0.257440476190476,80.1,11.4,"IntGr1KomUtbBAS",5.1,52500,267750,7.25907384,23.07692308
"0580","Linköping",2016,155817,93329,0.52607473187364,75.9,10.6,"IntGr1KomKonUtb",5.7,44300,252510,8.4,27.30263158
"0580","Linköping",2017,158520,94800,0.531207073103724,76.1,10.3,"IntGr1KomKonUtb",5.7,44800,255360,8.8,31.27147767
"0580","Linköping",2018,161034,96152,0.537314347335915,76.1,10,"IntGr1KomKonUtb",5.8,45500,263900,9,30.4964539
"0580","Linköping",2019,163051,97363,0.544426221600502,76.6,9.8,"IntGr1KomKonUtb",5.9,46500,274350,8.8,47.95640327
"0580","Linköping",2020,164616,98287,0.550246959350371,75.6,11.2,"IntGr1KomKonUtb",5.8,47300,274340,9.3,40.4199475
"0580","Linköping",2021,165527,98528,0.554244748488066,76.6,10.6,"IntGr1KomKonUtb",6.1,47600,290360,9.36038909,44.03409091
"0580","Linköping",2022,166673,99238,0.562592099633978,77.7,9.7,"IntGr1KomUtbBAS",6.2,48300,299460,8.84064248,32.62711865
"0580","Linköping",2023,167404,99819,0.567358740993553,77.7,9.3,"IntGr1KomUtbBAS",5.4,52500,283500,8.67008866,32.32169955
"0581","Norrköping",2016,139363,80232,0.375958934218176,75.6,18.2,"IntGr1KomKonUtb",5.4,44300,239220,9.9,39.70588235
"0581","Norrköping",2017,140927,80966,0.382224455330849,76.5,17.8,"IntGr1KomKonUtb",5.5,44800,246400,9.4,39.13043479
"0581","Norrköping",2018,141676,81102,0.388944292085653,77.5,16.8,"IntGr1KomKonUtb",5.6,45500,254800,8.7,35.55555556
"0581","Norrköping",2019,143171,81744,0.395052432713633,77.5,16.2,"IntGr1KomKonUtb",5.7,46500,265050,9.4,43.06784661
"0581","Norrköping",2020,143478,81769,0.402345992945616,77.1,17.8,"IntGr1KomKonUtb",5.7,47300,269610,10.1,35.57692308
"0581","Norrköping",2021,144458,82054,0.410657154915388,78.5,16.8,"IntGr1KomKonUtb",5.9,47600,280840,10.41925081,43.2
"0581","Norrköping",2022,145120,82448,0.422740524781341,80.1,15.1,"IntGr1KomUtbBAS",6,48300,289800,9.50362446,48.7654321
"0581","Norrköping",2023,145163,82519,0.429138229877586,79.7,14.3,"IntGr1KomUtbBAS",5.2,52500,273000,8.88127317,55.97826087
"0582","Söderköping",2016,14402,7607,0.330161476355248,83.4,10.6,"IntGr1KomKonUtb",5.8,44300,256940,13.1,6.25
"0582","Söderköping",2017,14521,7617,0.336042201311662,83.9,10,"IntGr1KomKonUtb",5.9,44800,264320,11.1,37.03703704
"0582","Söderköping",2018,14618,7562,0.340225295879082,84.3,9.9,"IntGr1KomKonUtb",6,45500,273000,10.7,26.08695652
"0582","Söderköping",2019,14626,7505,0.340287769784173,83.5,9.6,"IntGr1KomKonUtb",6,46500,279000,9.1,25.92592592
"0582","Söderköping",2020,14616,7438,0.352500360282461,83.6,10.8,"IntGr1KomKonUtb",6,47300,283800,10.9,24
"0582","Söderköping",2021,14673,7399,0.363347763347763,85.1,9.9,"IntGr1KomKonUtb",6.3,47600,299880,14.53957997,30.43478261
"0582","Söderköping",2022,14834,7469,0.375966771698654,86,8.8,"IntGr1KomUtbBAS",6.5,48300,313950,10.67527309,
"0582","Söderköping",2023,14867,7482,0.390345222747457,85.6,8.5,"IntGr1KomUtbBAS",5.6,52500,294000,11.57778051,
"0583","Motala",2016,43258,23837,0.298486547085202,76.3,17.7,"IntGr1KomKonUtb",5.4,44300,239220,8.5,14.75953566
"0583","Motala",2017,43549,23787,0.303011935844834,77.1,17,"IntGr1KomKonUtb",5.5,44800,246400,8.1,9.4095941
"0583","Motala",2018,43687,23666,0.306630091128882,77.9,16,"IntGr1KomKonUtb",5.6,45500,254800,7.6,12.34866828
"0583","Motala",2019,43673,23498,0.309864422627396,78.4,15.5,"IntGr1KomKonUtb",5.7,46500,265050,7,10.1511879
"0583","Motala",2020,43640,23361,0.311403920097534,78.1,16.3,"IntGr1KomKonUtb",5.7,47300,269610,8.9,24.33862434
"0583","Motala",2021,43674,23290,0.315915605469668,79.6,14.8,"IntGr1KomKonUtb",5.9,47600,280840,8.65510019,30.76923077
"0583","Motala",2022,43728,23186,0.326055175666117,81.4,13.1,"IntGr1KomUtbBAS",6,48300,289800,8.57165429,40.11299435
"0583","Motala",2023,43728,23045,0.332510678690081,80.7,12,"IntGr1KomUtbBAS",5.3,52500,278250,7.37392959,35.6707317
"0584","Vadstena",2016,7348,3671,0.337870538415003,80,11.3,"IntGr1KomKonUtb",5.6,44300,248080,12,15.78947369
"0584","Vadstena",2017,7421,3704,0.338993148644623,79.8,11.7,"IntGr1KomKonUtb",5.7,44800,255360,11.1,8.69565217
"0584","Vadstena",2018,7514,3721,0.336478914774403,80.5,10.9,"IntGr1KomKonUtb",5.8,45500,263900,13,11.53846154
"0584","Vadstena",2019,7428,3666,0.349003272835466,80.9,10.6,"IntGr1KomKonUtb",5.9,46500,274350,8,31.48148148
"0584","Vadstena",2020,7423,3633,0.356758373205742,81.3,12.7,"IntGr1KomKonUtb",5.8,47300,274340,10,21.62162162
"0584","Vadstena",2021,7528,3671,0.367359050445104,81.7,11.5,"IntGr1KomKonUtb",6.1,47600,290360,15.18602885,
"0584","Vadstena",2022,7481,3617,0.375816993464052,82.8,9.8,"IntGr1KomUtbBAS",6.2,48300,299460,11.05805479,40
"0584","Vadstena",2023,7434,3587,0.391448358928034,83.8,9.2,"IntGr1KomUtbBAS",5.4,52500,283500,11.75268268,14.28571428
"0586","Mjölby",2016,26708,14733,0.310968628348981,82.5,12.4,"IntGr1KomKonUtb",5.7,44300,252510,8.6,61.42857143
"0586","Mjölby",2017,27019,14838,0.317554388597149,82.9,12.4,"IntGr1KomKonUtb",5.8,44800,259840,7.4,34.27419355
"0586","Mjölby",2018,27373,14992,0.322695035460993,82.9,11.6,"IntGr1KomKonUtb",6,45500,273000,7.9,28.29268293
"0586","Mjölby",2019,27758,15228,0.330378551187968,82.8,11,"IntGr1KomKonUtb",6,46500,279000,8.3,26.11111111
"0586","Mjölby",2020,27960,15371,0.337055179368967,82.2,12.6,"IntGr1KomKonUtb",5.9,47300,279070,7.8,11.45038168
"0586","Mjölby",2021,28269,15468,0.343128164895514,83.7,11.5,"IntGr1KomKonUtb",6.1,47600,290360,8.9793475,17.69911504
"0586","Mjölby",2022,28471,15496,0.353843967599829,84.7,9.8,"IntGr1KomUtbBAS",6.3,48300,304290,8.1786162,35.52631579
"0586","Mjölby",2023,28576,15547,0.359767754726333,84.2,9.3,"IntGr1KomUtbBAS",5.5,52500,288750,8.08080808,26.80412372
"0604","Aneby",2016,6603,3639,0.28681217337842,82.7,11.4,"IntGr1KomKonUtb",5.6,44300,248080,6.6,
"0604","Aneby",2017,6776,3680,0.296762589928058,82.7,11,"IntGr1KomKonUtb",5.8,44800,259840,10.2,50.49504951
"0604","Aneby",2018,6832,3699,0.29626334519573,83.2,10.7,"IntGr1KomKonUtb",5.8,45500,263900,7,23.30097087
"0604","Aneby",2019,6848,3686,0.301747112822031,82.6,10.9,"IntGr1KomKonUtb",5.8,46500,269700,9.3,58.78378378
"0604","Aneby",2020,6821,3640,0.307875894988067,82.3,12.4,"IntGr1KomKonUtb",5.8,47300,274340,12.1,70
"0604","Aneby",2021,6892,3644,0.324284009546539,83.6,11.9,"IntGr1KomKonUtb",6,47600,285600,11.19308064,51.61290323
"0604","Aneby",2022,6824,3578,0.330205811138015,85.4,11.3,"IntGr1KomUtbBAS",6.1,48300,294630,11.70781369,42.22222222
"0604","Aneby",2023,6852,3569,0.339720194647202,85.7,10.1,"IntGr1KomUtbBAS",5.4,52500,283500,8.56475474,
"0617","Gnosjö",2016,9615,5338,0.215271966527197,83.2,12.1,"IntGr1KomKonUtb",5.5,44300,243650,7.6,48.75
"0617","Gnosjö",2017,9733,5367,0.220612582781457,84.1,10.9,"IntGr1KomKonUtb",5.6,44800,250880,6.2,48.48484848
"0617","Gnosjö",2018,9776,5361,0.233230134158927,84.5,10.4,"IntGr1KomKonUtb",5.7,45500,259350,6.5,57.69230769
"0617","Gnosjö",2019,9712,5265,0.240416666666667,84.3,9.6,"IntGr1KomKonUtb",5.7,46500,265050,7.9,34.24657535
"0617","Gnosjö",2020,9614,5190,0.242027455121436,83.5,12.1,"IntGr1KomKonUtb",5.7,47300,269610,9.9,37.14285714
"0617","Gnosjö",2021,9570,5162,0.249415266850946,85.8,11.1,"IntGr1KomKonUtb",6,47600,285600,9.30967855,48.48484849
"0617","Gnosjö",2022,9438,5101,0.251724137931035,86.3,8.5,"IntGr1KomUtbBAS",6.1,48300,294630,8.08720113,57.6923077
"0617","Gnosjö",2023,9246,5008,0.256886751202449,85.8,8.1,"IntGr1KomUtbBAS",5.3,52500,278250,8.5515767,15.15151515
"0642","Mullsjö",2016,7226,3754,0.303883782982508,83.4,9.9,"IntGr1KomKonUtb",5.7,44300,252510,9.1,
"0642","Mullsjö",2017,7328,3798,0.312664521789997,83.9,10.1,"IntGr1KomKonUtb",5.8,44800,259840,8.3,
"0642","Mullsjö",2018,7324,3772,0.32727805449751,84.2,8.8,"IntGr1KomKonUtb",5.8,45500,263900,5.8,
"0642","Mullsjö",2019,7290,3752,0.330789550924567,84.5,8.2,"IntGr1KomKonUtb",5.9,46500,274350,9.3,
"0642","Mullsjö",2020,7385,3768,0.331398723157284,84.4,10.6,"IntGr1KomKonUtb",5.8,47300,274340,12.2,
"0642","Mullsjö",2021,7430,3805,0.334581053843939,84.6,9.6,"IntGr1KomKonUtb",6.1,47600,290360,10.79136691,45.45454545
"0642","Mullsjö",2022,7532,3864,0.349139147615016,86.1,8.5,"IntGr1KomUtbBAS",6.2,48300,299460,9.59002637,23.07692307
"0642","Mullsjö",2023,7577,3847,0.354911342527442,85.7,7.9,"IntGr1KomUtbBAS",5.4,52500,283500,5.67241787,100
"0643","Habo",2016,11586,6123,0.389514426460239,88.4,6.5,"IntGr1KomKonUtb",6,44300,265800,10,50
"0643","Habo",2017,11845,6212,0.396486393386152,88.4,7.2,"IntGr1KomKonUtb",6.1,44800,273280,9.2,0
"0643","Habo",2018,12140,6349,0.404532386267546,89.1,7.1,"IntGr1KomKonUtb",6.2,45500,282100,6,0
"0643","Habo",2019,12433,6479,0.415877761169241,88.2,6.8,"IntGr1KomKonUtb",6.2,46500,288300,9.6,
"0643","Habo",2020,12589,6476,0.423990696128925,88,7.7,"IntGr1KomKonUtb",6.2,47300,293260,10.5,35.29411765
"0643","Habo",2021,12810,6534,0.433126226291694,88.5,7.2,"IntGr1KomKonUtb",6.5,47600,309400,10.11921264,
"0643","Habo",2022,13128,6722,0.446659225003987,89.5,6.2,"IntGr1KomUtbBAS",6.7,48300,323610,8.87779165,39.28571428
"0643","Habo",2023,13275,6811,0.457570977917981,89,6.4,"IntGr1KomUtbBAS",5.9,52500,309750,8.35241816,
"0662","Gislaved",2016,29478,16342,0.239221045439016,81.2,14.1,"IntGr1KomKonUtb",5.6,44300,248080,7.7,27.52808988
"0662","Gislaved",2017,29629,16363,0.242587051142546,82.2,13.6,"IntGr1KomKonUtb",5.7,44800,255360,9,28.48484848
"0662","Gislaved",2018,29857,16415,0.244922744754065,82.8,12.9,"IntGr1KomKonUtb",5.8,45500,263900,7.3,28.73563218
"0662","Gislaved",2019,29963,16402,0.247612000538141,82.2,12.4,"IntGr1KomKonUtb",5.8,46500,269700,7.2,28.69565217
"0662","Gislaved",2020,29635,16166,0.252678998020613,82,13.9,"IntGr1KomKonUtb",5.8,47300,274340,6.6,29.80132451
"0662","Gislaved",2021,29556,16039,0.258139694290219,83.9,12.5,"IntGr1KomKonUtb",6.1,47600,290360,9.84688941,24.07407407
"0662","Gislaved",2022,29481,16005,0.264197700832932,84.9,10.6,"IntGr1KomUtbBAS",6.2,48300,299460,7.58050727,28.57142857
"0662","Gislaved",2023,29014,15748,0.267763754270971,84,10.4,"IntGr1KomUtbBAS",5.4,52500,283500,7.15184804,30.35714285
"0665","Vaggeryd",2016,13644,7443,0.299291617473436,85.3,10.9,"IntGr1KomKonUtb",5.8,44300,256940,8.5,34.24657534
"0665","Vaggeryd",2017,13840,7542,0.30718954248366,86.1,9.5,"IntGr1KomKonUtb",5.9,44800,264320,10.6,43.26923077
"0665","Vaggeryd",2018,13980,7615,0.311595241507811,86.6,8.9,"IntGr1KomKonUtb",6,45500,273000,7.5,56.25
"0665","Vaggeryd",2019,14275,7782,0.317996341635008,86.3,9.6,"IntGr1KomKonUtb",5.9,46500,274350,7,37.20930232
"0665","Vaggeryd",2020,14532,7890,0.317341120845501,84.8,12.2,"IntGr1KomKonUtb",5.9,47300,279070,8.4,46.25
"0665","Vaggeryd",2021,14746,7990,0.324993163795461,86.1,11.2,"IntGr1KomKonUtb",6.2,47600,295120,10.26173181,40.24390244
"0665","Vaggeryd",2022,14854,8005,0.337545862209539,87,9.4,"IntGr1KomUtbBAS",6.3,48300,304290,8.62168065,55.88235294
"0665","Vaggeryd",2023,14811,7976,0.34291553133515,86.4,8.4,"IntGr1KomUtbBAS",5.5,52500,288750,7.67380598,54.38596491
"0680","Jönköping",2016,135297,78005,0.431012235817575,81.6,10.6,"IntGr1KomKonUtb",5.7,44300,252510,10.2,30.91085272
"0680","Jönköping",2017,137481,79155,0.437060647076802,82,10.2,"IntGr1KomKonUtb",5.8,44800,259840,10,26.88629118
"0680","Jönköping",2018,139222,80203,0.446055717636291,82.3,9.9,"IntGr1KomKonUtb",5.9,45500,268450,9.7,33.13106796
"0680","Jönköping",2019,141081,81325,0.452467042784586,81.4,9.8,"IntGr1KomKonUtb",5.9,46500,274350,9.7,23.41325811
"0680","Jönköping",2020,142427,82122,0.460265130965794,80.4,11.9,"IntGr1KomKonUtb",5.9,47300,279070,11.5,23.44045369
"0680","Jönköping",2021,143579,82668,0.466973589899101,81.4,11.3,"IntGr1KomKonUtb",6.1,47600,290360,11.18026353,30.58035714
"0680","Jönköping",2022,145114,83634,0.477998991592058,82.6,9.7,"IntGr1KomUtbBAS",6.3,48300,304290,10.22570554,28.66108787
"0680","Jönköping",2023,146161,84290,0.483903257223244,81.9,9.4,"IntGr1KomUtbBAS",5.4,52500,283500,9.06484853,33.89830509
"0682","Nässjö",2016,30820,16862,0.29985903201987,79.1,15.4,"IntGr1KomKonUtb",5.5,44300,243650,7.7,49.23857868
"0682","Nässjö",2017,31178,16946,0.301924353019244,80,15.3,"IntGr1KomKonUtb",5.6,44800,250880,8,25.85034014
"0682","Nässjö",2018,31477,16982,0.307438670535479,80.5,14.9,"IntGr1KomKonUtb",5.6,45500,254800,8.1,27.48091603
"0682","Nässjö",2019,31538,16970,0.310326728775751,79.6,14.8,"IntGr1KomKonUtb",5.7,46500,265050,8.7,34.95934959
"0682","Nässjö",2020,31563,16882,0.316523675420787,78.9,16,"IntGr1KomKonUtb",5.6,47300,264880,9.4,21.25
"0682","Nässjö",2021,31782,17023,0.323948241108004,80.8,15.1,"IntGr1KomKonUtb",5.9,47600,280840,10.67903565,64.70588235
"0682","Nässjö",2022,31944,17045,0.333831557057447,81.9,13.7,"IntGr1KomUtbBAS",6,48300,289800,6.83935592,54.62184874
"0682","Nässjö",2023,31648,16959,0.341614501825769,81,13.3,"IntGr1KomUtbBAS",5.2,52500,273000,7.24948985,28.88888889
"0683","Värnamo",2016,33906,18963,0.307814710042433,84.2,11.3,"IntGr1KomKonUtb",5.7,44300,252510,9.1,34.05797102
"0683","Värnamo",2017,34206,19025,0.313008367955995,84.8,11,"IntGr1KomKonUtb",5.8,44800,259840,8.5,32.05128205
"0683","Värnamo",2018,34428,19054,0.317804240487947,85.8,10.1,"IntGr1KomKonUtb",5.9,45500,268450,8.1,42.39130435
"0683","Värnamo",2019,34560,19012,0.323189076602638,85.1,10.3,"IntGr1KomKonUtb",5.9,46500,274350,8.1,36.79245283
"0683","Värnamo",2020,34530,18912,0.331635016211209,84.5,12,"IntGr1KomKonUtb",5.9,47300,279070,9.8,34.05405405
"0683","Värnamo",2021,34661,18919,0.337249001793878,85.3,10.8,"IntGr1KomKonUtb",6.2,47600,295120,8.25523236,38.65546219
"0683","Värnamo",2022,34692,18895,0.349195282087037,86.7,9.1,"IntGr1KomUtbBAS",6.3,48300,304290,9.22106285,37.2881356
"0683","Värnamo",2023,34601,18767,0.352868996143508,85.9,8.6,"IntGr1KomUtbBAS",5.5,52500,288750,8.26727618,33.67346939
"0684","Sävsjö",2016,11396,5972,0.283097261567517,80.3,14.2,"IntGr1KomKonUtb",5.5,44300,243650,9.9,48.68421052
"0684","Sävsjö",2017,11496,5972,0.286654135338346,81.1,13.9,"IntGr1KomKonUtb",5.6,44800,250880,7.3,70.90909091
"0684","Sävsjö",2018,11631,5998,0.289919880752748,81.5,13,"IntGr1KomKonUtb",5.7,45500,259350,9.4,58.75
"0684","Sävsjö",2019,11677,5968,0.289981447124304,80.6,13.3,"IntGr1KomKonUtb",5.7,46500,265050,9.5,52.25806452
"0684","Sävsjö",2020,11721,5977,0.299334811529933,79.5,14.3,"IntGr1KomKonUtb",5.6,47300,264880,9.6,45.56962025
"0684","Sävsjö",2021,11709,5964,0.304884792626728,80.7,13.4,"IntGr1KomKonUtb",5.9,47600,280840,10.66098081,34.45378151
"0684","Sävsjö",2022,11771,6000,0.314575645756458,82.7,11.8,"IntGr1KomUtbBAS",6,48300,289800,8.98431552,38.75968992
"0684","Sävsjö",2023,11668,5939,0.317264573991031,80.2,13.7,"IntGr1KomUtbBAS",5.2,52500,273000,7.88834952,
"0685","Vetlanda",2016,27241,14531,0.284525277435265,83.2,11.4,"IntGr1KomKonUtb",5.7,44300,252510,8,41.66666667
"0685","Vetlanda",2017,27415,14545,0.287849750862399,83.3,11.1,"IntGr1KomKonUtb",5.8,44800,259840,7.1,42.55319149
"0685","Vetlanda",2018,27504,14469,0.291986490635554,84,10.9,"IntGr1KomKonUtb",5.8,45500,263900,6.8,35.71428571
"0685","Vetlanda",2019,27466,14376,0.297299382716049,83.5,11.3,"IntGr1KomKonUtb",5.8,46500,269700,8.4,45.16129032
"0685","Vetlanda",2020,27502,14344,0.299946149703823,82.2,12.7,"IntGr1KomKonUtb",5.8,47300,274340,9.6,35.29411764
"0685","Vetlanda",2021,27621,14317,0.306589595375723,83.5,12.1,"IntGr1KomKonUtb",6.1,47600,290360,9.39873825,47.88732395
"0685","Vetlanda",2022,27673,14336,0.313919582565991,84.9,10.8,"IntGr1KomUtbBAS",6.2,48300,299460,9.44912258,42.35294117
"0685","Vetlanda",2023,27498,14237,0.319107887019602,83.6,11.3,"IntGr1KomUtbBAS",5.3,52500,278250,7.95432677,
"0686","Eksjö",2016,17129,9241,0.360203340595497,81.1,10.8,"IntGr1KomKonUtb",5.6,44300,248080,7.7,5.59701492
"0686","Eksjö",2017,17416,9283,0.362886844306369,80.8,11.4,"IntGr1KomKonUtb",5.7,44800,255360,10,16.74641149
"0686","Eksjö",2018,17667,9338,0.363863150392017,81,10.6,"IntGr1KomKonUtb",5.7,45500,259350,9.2,9.95260664
"0686","Eksjö",2019,17753,9307,0.366389548693587,81,11.6,"IntGr1KomKonUtb",5.7,46500,265050,10,9.45945946
"0686","Eksjö",2020,17788,9285,0.369487908961593,80.2,12.5,"IntGr1KomKonUtb",5.7,47300,269610,10.3,14.74820144
"0686","Eksjö",2021,17834,9244,0.374269703111959,80.9,12,"IntGr1KomKonUtb",6,47600,285600,10.6361829,8.73786408
"0686","Eksjö",2022,17858,9223,0.381792011514933,82.3,10.8,"IntGr1KomUtbBAS",6.1,48300,294630,9.05743008,9.77198697
"0686","Eksjö",2023,17750,9105,0.386223564954683,82.1,10,"IntGr1KomUtbBAS",5.3,52500,278250,9.47630923,32.14285714
"0687","Tranås",2016,18794,9936,0.295670055980807,78.9,14,"IntGr1KomKonUtb",5.5,44300,243650,10,31.52173913
"0687","Tranås",2017,18894,9948,0.30193842645382,79.2,13.8,"IntGr1KomKonUtb",5.6,44800,250880,8.1,16.48351649
"0687","Tranås",2018,18987,9965,0.305843862815884,79.5,13.5,"IntGr1KomKonUtb",5.6,45500,254800,7.6,12.5
"0687","Tranås",2019,19003,9933,0.310454185071922,79.2,13.6,"IntGr1KomKonUtb",5.7,46500,265050,7.8,11.47540984
"0687","Tranås",2020,18903,9833,0.315322488909112,77.8,15.8,"IntGr1KomKonUtb",5.6,47300,264880,10.6,14.28571428
"0687","Tranås",2021,18874,9803,0.322452680494163,79.9,14.3,"IntGr1KomKonUtb",5.9,47600,280840,8.67618248,30
"0687","Tranås",2022,18804,9771,0.33257584365413,81.7,11.4,"IntGr1KomUtbBAS",6,48300,289800,7.83509001,28.39506173
"0687","Tranås",2023,18755,9770,0.339431818181818,82.3,11,"IntGr1KomUtbBAS",5.2,52500,273000,9.06881077,27.81065089
"0760","Uppvidinge",2016,9508,5046,0.240683229813665,80.2,14.3,"IntGr1KomKonUtb",5.6,44300,248080,8.3,
"0760","Uppvidinge",2017,9561,5048,0.241956809167034,81,13.3,"IntGr1KomKonUtb",5.7,44800,255360,7.7,
"0760","Uppvidinge",2018,9581,5046,0.24044551212055,81.6,14.4,"IntGr1KomKonUtb",5.8,45500,263900,7.4,
"0760","Uppvidinge",2019,9588,5056,0.245315904139434,80.4,14.6,"IntGr1KomKonUtb",5.7,46500,265050,7.3,27.45098039
"0760","Uppvidinge",2020,9498,4949,0.246126604692342,78.6,16.3,"IntGr1KomKonUtb",5.6,47300,264880,7.8,71.42857143
"0760","Uppvidinge",2021,9449,4957,0.24772475027747,80.8,14.6,"IntGr1KomKonUtb",5.9,47600,280840,10.78267336,27.27272727
"0760","Uppvidinge",2022,9418,4941,0.254880212954747,81.2,12.7,"IntGr1KomUtbBAS",6.1,48300,294630,7.05532863,52.5
"0760","Uppvidinge",2023,9263,4864,0.259259259259259,80,13.6,"IntGr1KomUtbBAS",5.2,52500,273000,8.60617399,45
"0761","Lessebo",2016,8760,4489,0.285965352749184,73,22.7,"IntGr1KomKonUtb",5.2,44300,230360,9,
"0761","Lessebo",2017,8806,4483,0.287623762376238,73.9,23.4,"IntGr1KomKonUtb",5.3,44800,237440,7.6,
"0761","Lessebo",2018,8780,4427,0.291252485089463,75.3,22.6,"IntGr1KomKonUtb",5.4,45500,245700,7.5,46.15384615
"0761","Lessebo",2019,8733,4396,0.296120150187735,75,21.4,"IntGr1KomKonUtb",5.4,46500,251100,9.6,
"0761","Lessebo",2020,8655,4364,0.297345132743363,74.5,22.5,"IntGr1KomKonUtb",5.4,47300,255420,7.1,0
"0761","Lessebo",2021,8574,4287,0.298084291187739,77.3,20.2,"IntGr1KomKonUtb",5.7,47600,271320,9.71283784,87.5
"0761","Lessebo",2022,8485,4240,0.302702702702703,78.9,18,"IntGr1KomUtbBAS",5.9,48300,284970,10.15658062,36.06557377
"0761","Lessebo",2023,8342,4150,0.308580425085279,77.9,15.6,"IntGr1KomUtbBAS",5,52500,262500,8.98972603,21.31147541
"0763","Tingsryd",2016,12393,6446,0.2644727773949,78.5,13.6,"IntGr1KomKonUtb",5.5,44300,243650,8.6,20
"0763","Tingsryd",2017,12451,6424,0.266701101928375,79.2,13,"IntGr1KomKonUtb",5.5,44800,246400,9.5,3.33333333
"0763","Tingsryd",2018,12407,6316,0.2663421418637,80.2,12,"IntGr1KomKonUtb",5.6,45500,254800,10.1,32.25806452
"0763","Tingsryd",2019,12393,6308,0.267293953650462,79.4,11.4,"IntGr1KomKonUtb",5.6,46500,260400,10.3,50
"0763","Tingsryd",2020,12369,6291,0.272442042879554,79.1,13.1,"IntGr1KomKonUtb",5.5,47300,260150,11.5,84.72222222
"0763","Tingsryd",2021,12319,6232,0.27460958062818,79.2,12.3,"IntGr1KomKonUtb",5.8,47600,276080,12.7388535,68.18181819
"0763","Tingsryd",2022,12297,6215,0.284510010537408,80.5,12,"IntGr1KomUtbBAS",5.9,48300,284970,11.26927639,34.54545454
"0763","Tingsryd",2023,12155,6125,0.288604898828541,80.5,10.8,"IntGr1KomUtbBAS",5.1,52500,267750,10.39809863,22.5
"0764","Alvesta",2016,19850,10564,0.288336479966436,80.3,15.4,"IntGr1KomKonUtb",5.5,44300,243650,8.4,58.47457627
"0764","Alvesta",2017,20026,10559,0.295518646192416,81,14.8,"IntGr1KomKonUtb",5.6,44800,250880,7.4,48.27586207
"0764","Alvesta",2018,20150,10489,0.300146566164154,81.5,14.3,"IntGr1KomKonUtb",5.7,45500,259350,6.9,36.58536585
"0764","Alvesta",2019,20134,10398,0.303441742974424,81.7,14.3,"IntGr1KomKonUtb",5.7,46500,265050,8.8,25.95419847
"0764","Alvesta",2020,20224,10441,0.307796680931009,80.3,16.4,"IntGr1KomKonUtb",5.7,47300,269610,8.4,11.82795699
"0764","Alvesta",2021,20287,10417,0.316038231278227,80.9,15.5,"IntGr1KomKonUtb",5.9,47600,280840,8.54849965,35.5
"0764","Alvesta",2022,20257,10411,0.323104502794474,82.6,13.8,"IntGr1KomUtbBAS",6,48300,289800,8.82712812,55.35714286
"0764","Alvesta",2023,20040,10329,0.331033750796009,82,13,"IntGr1KomUtbBAS",5.3,52500,278250,9.35560025,23.07692308
"0765","Älmhult",2016,16618,9141,0.354211923726768,81.5,10.8,"IntGr1KomKonUtb",6,44300,265800,8.8,
"0765","Älmhult",2017,17148,9377,0.362841147655703,80.6,11.9,"IntGr1KomKonUtb",6.1,44800,273280,9.5,
"0765","Älmhult",2018,17568,9588,0.386055003994066,80.6,12.8,"IntGr1KomKonUtb",6.1,45500,277550,7.9,
"0765","Älmhult",2019,17651,9559,0.390168795620438,80.9,13,"IntGr1KomKonUtb",6.2,46500,288300,9.1,
"0765","Älmhult",2020,17884,9668,0.401215805471125,80.1,13.4,"IntGr1KomKonUtb",6.1,47300,288530,7.9,53.33333333
"0765","Älmhult",2021,17963,9681,0.411196043165468,80.9,13.1,"IntGr1KomKonUtb",6.4,47600,304640,11.4416476,
"0765","Älmhult",2022,18092,9757,0.424218923111013,82.5,11.5,"IntGr1KomUtbBAS",6.5,48300,313950,8.56816451,58.82352942
"0765","Älmhult",2023,17932,9696,0.436075100581135,82.1,11.1,"IntGr1KomUtbBAS",5.6,52500,294000,8.50581231,45.73643411
"0767","Markaryd",2016,9991,5273,0.232316814908937,75.7,16,"IntGr1KomKonUtb",5.3,44300,234790,7.8,
"0767","Markaryd",2017,10170,5320,0.230414746543779,76.6,16.4,"IntGr1KomKonUtb",5.4,44800,241920,7.6,
"0767","Markaryd",2018,10260,5340,0.233812200707891,76.9,16.1,"IntGr1KomKonUtb",5.4,45500,245700,7.1,
"0767","Markaryd",2019,10320,5337,0.240556247405562,76.8,16.4,"IntGr1KomKonUtb",5.5,46500,255750,7.3,57.42574258
"0767","Markaryd",2020,10373,5362,0.24081716879901,76.5,16.5,"IntGr1KomKonUtb",5.5,47300,260150,8.7,65.78947369
"0767","Markaryd",2021,10320,5381,0.251801523574223,78.7,14.3,"IntGr1KomKonUtb",5.8,47600,276080,10.28983022,52.38095238
"0767","Markaryd",2022,10166,5320,0.254771784232365,80.4,12.3,"IntGr1KomUtbBAS",6,48300,289800,11.84549356,83.33333333
"0767","Markaryd",2023,10076,5312,0.265072765072765,81,11.3,"IntGr1KomUtbBAS",5.2,52500,273000,9.37337268,29.03225806
"0780","Växjö",2016,89500,51419,0.472323387698781,78.9,13.2,"IntGr1KomKonUtb",5.7,44300,252510,10.7,36.5097589
"0780","Växjö",2017,91060,52317,0.476569427203405,79.6,12.4,"IntGr1KomKonUtb",5.7,44800,255360,9.7,38.46153846
"0780","Växjö",2018,92567,53057,0.48177775840272,79.6,12.4,"IntGr1KomKonUtb",5.8,45500,263900,7.7,36.21460507
"0780","Växjö",2019,94129,53893,0.486669097616954,79.1,12.4,"IntGr1KomKonUtb",5.8,46500,269700,8.8,45.42586751
"0780","Växjö",2020,94859,54082,0.491355758558866,78.1,14.2,"IntGr1KomKonUtb",5.8,47300,274340,10.4,34.7553325
"0780","Växjö",2021,95995,54626,0.49595321835671,79.2,13.1,"IntGr1KomKonUtb",6.1,47600,290360,10.6836162,46.61870504
"0780","Växjö",2022,97137,55352,0.50231767938419,80.4,11.5,"IntGr1KomUtbBAS",6.2,48300,299460,11.36901142,44.32432432
"0780","Växjö",2023,97574,55458,0.504263631017391,80,11.3,"IntGr1KomUtbBAS",5.3,52500,278250,9.80033278,25.1402918
"0781","Ljungby",2016,28008,15475,0.308650920156499,82,11.4,"IntGr1KomKonUtb",5.6,44300,248080,8.1,
"0781","Ljungby",2017,28297,15495,0.312074525259764,82,11.5,"IntGr1KomKonUtb",5.7,44800,255360,7.8,
"0781","Ljungby",2018,28573,15591,0.314814814814815,82.3,11.4,"IntGr1KomKonUtb",5.7,45500,259350,6.7,57.14285714
"0781","Ljungby",2019,28521,15516,0.3186447870986,82,11.9,"IntGr1KomKonUtb",5.8,46500,269700,7.4,42.30769231
"0781","Ljungby",2020,28401,15345,0.32134735645253,81,13.6,"IntGr1KomKonUtb",5.8,47300,274340,8.6,30.88235294
"0781","Ljungby",2021,28433,15255,0.327279202279202,82.9,12,"IntGr1KomKonUtb",6,47600,285600,9.6746886,27.10280373
"0781","Ljungby",2022,28483,15287,0.335800185013876,83.9,10.2,"IntGr1KomUtbBAS",6.2,48300,299460,6.70775925,26.36363637
"0781","Ljungby",2023,28304,15157,0.341150315547906,83.4,9.4,"IntGr1KomUtbBAS",5.4,52500,283500,8.06742926,36.52173913
"0821","Högsby",2016,6080,3189,0.222338568935428,70.4,19,"IntGr1KomKonUtb",5.1,44300,225930,6.5,
"0821","Högsby",2017,6087,3173,0.226731980405878,71.3,19.7,"IntGr1KomKonUtb",5.2,44800,232960,7.9,0
"0821","Högsby",2018,6094,3120,0.231013776050865,72.4,20.7,"IntGr1KomKonUtb",5.3,45500,241150,6.6,
"0821","Högsby",2019,5921,3025,0.230852994555354,72.5,18.4,"IntGr1KomKonUtb",5.3,46500,246450,9.4,
"0821","Högsby",2020,5731,2922,0.229502059153875,72.5,17.6,"IntGr1KomKonUtb",5.3,47300,250690,10.9,40
"0821","Högsby",2021,5645,2834,0.232307692307692,75.8,15.7,"IntGr1KomKonUtb",5.5,47600,261800,11.44913314,48.38709678
"0821","Högsby",2022,5584,2760,0.24275646045419,75.4,14.4,"IntGr1KomUtbBAS",5.7,48300,275310,11.73785458,
"0821","Högsby",2023,5438,2671,0.254449838187702,74.4,14.4,"IntGr1KomUtbBAS",4.8,52500,252000,9.60264901,20
"0834","Torsås",2016,7063,3661,0.263047390521896,76.3,14.1,"IntGr1KomKonUtb",5.4,44300,239220,11.2,
"0834","Torsås",2017,7083,3633,0.270952237909282,78.1,14.4,"IntGr1KomKonUtb",5.5,44800,246400,8.7,13.87900356
"0834","Torsås",2018,7098,3598,0.280432822362489,79,13.6,"IntGr1KomKonUtb",5.5,45500,250250,6.3,27.5
"0834","Torsås",2019,7125,3607,0.282066686692701,79.1,13.2,"IntGr1KomKonUtb",5.6,46500,260400,9.5,21.91011236
"0834","Torsås",2020,7149,3596,0.291101055806938,78.8,14.2,"IntGr1KomKonUtb",5.6,47300,264880,9.4,18.69158879
"0834","Torsås",2021,7113,3545,0.29730557256583,80.1,12.3,"IntGr1KomKonUtb",5.8,47600,276080,11.36363636,
"0834","Torsås",2022,7042,3523,0.311111111111111,80.7,11.4,"IntGr1KomUtbBAS",5.9,48300,284970,10.07751938,
"0834","Torsås",2023,7002,3523,0.315708576698432,79.7,10.5,"IntGr1KomUtbBAS",5.2,52500,273000,8.55587244,31.25
"0840","Mörbylånga",2016,14916,7574,0.392246949030869,83.9,8.7,"IntGr1KomKonUtb",5.8,44300,256940,8.5,
"0840","Mörbylånga",2017,15000,7545,0.405432595573441,84.6,8.7,"IntGr1KomKonUtb",5.9,44800,264320,7.9,
"0840","Mörbylånga",2018,15048,7498,0.41035570854848,85,8.9,"IntGr1KomKonUtb",6,45500,273000,12.6,50
"0840","Mörbylånga",2019,15249,7549,0.418419556566231,84.6,8.6,"IntGr1KomKonUtb",6,46500,279000,12.1,
"0840","Mörbylånga",2020,15487,7614,0.423702664796634,84.9,9.4,"IntGr1KomKonUtb",6,47300,283800,12.4,70
"0840","Mörbylånga",2021,15722,7687,0.431799279179374,85.6,8.7,"IntGr1KomKonUtb",6.3,47600,299880,10.73841699,41.8367347
"0840","Mörbylånga",2022,15985,7725,0.44534691629956,87,6.9,"IntGr1KomUtbBAS",6.5,48300,313950,11.80438449,61.76470588
"0840","Mörbylånga",2023,16144,7795,0.453878549110175,86.6,6.8,"IntGr1KomUtbBAS",5.7,52500,299250,8.21624196,48.86363637
"0860","Hultsfred",2016,14607,7742,0.237418419144308,71.8,17.5,"IntGr1KomKonUtb",5.2,44300,230360,9.9,
"0860","Hultsfred",2017,14579,7635,0.238171495123016,73.5,17.9,"IntGr1KomKonUtb",5.3,44800,237440,8,
"0860","Hultsfred",2018,14360,7456,0.240142306552031,75.4,16.8,"IntGr1KomKonUtb",5.5,45500,250250,7.4,38.38383838
"0860","Hultsfred",2019,14224,7308,0.246153846153846,75.9,16.5,"IntGr1KomKonUtb",5.6,46500,260400,7.7,30.76923077
"0860","Hultsfred",2020,14107,7178,0.251482438801885,75.6,16.9,"IntGr1KomKonUtb",5.5,47300,260150,8.5,36.79245283
"0860","Hultsfred",2021,14056,7086,0.251605013757261,75.9,15.6,"IntGr1KomKonUtb",5.8,47600,276080,11.55994285,47.25274725
"0860","Hultsfred",2022,14064,7085,0.259944920440637,77.6,13.9,"IntGr1KomUtbBAS",5.8,48300,280140,8.94477573,52.94117647
"0860","Hultsfred",2023,13883,6941,0.269585613760751,76.8,13,"IntGr1KomUtbBAS",5.1,52500,267750,10.03518832,45.45454545
"0861","Mönsterås",2016,13395,7132,0.283798534227351,79,13.4,"IntGr1KomKonUtb",5.6,44300,248080,8.8,
"0861","Mönsterås",2017,13498,7113,0.285448340055849,78.8,13.5,"IntGr1KomKonUtb",5.7,44800,255360,8.4,100
"0861","Mönsterås",2018,13565,7098,0.289225537177307,79.5,13.2,"IntGr1KomKonUtb",5.8,45500,263900,7.4,42.42424242
"0861","Mönsterås",2019,13430,6990,0.290566037735849,80,12.8,"IntGr1KomKonUtb",5.8,46500,269700,7.5,82.53968254
"0861","Mönsterås",2020,13264,6889,0.29731027857829,79.1,13.6,"IntGr1KomKonUtb",5.7,47300,269610,8.2,67.56756757
"0861","Mönsterås",2021,13258,6833,0.300481540930979,80.8,12.4,"IntGr1KomKonUtb",5.9,47600,280840,8.94793926,50
"0861","Mönsterås",2022,13276,6791,0.309193548387097,82.2,10.8,"IntGr1KomUtbBAS",6.1,48300,294630,7.99674709,59.25925926
"0861","Mönsterås",2023,13134,6693,0.313636363636364,81.5,9.6,"IntGr1KomUtbBAS",5.4,52500,283500,8.02284471,
"0862","Emmaboda",2016,9348,4959,0.277254374158816,77.4,14.3,"IntGr1KomKonUtb",5.5,44300,243650,7.7,12.90322581
"0862","Emmaboda",2017,9368,4896,0.280297901150982,78,15,"IntGr1KomKonUtb",5.6,44800,250880,7.5,12.08791209
"0862","Emmaboda",2018,9400,4864,0.279647616896318,77.5,14.5,"IntGr1KomKonUtb",5.7,45500,259350,5.7,17.8343949
"0862","Emmaboda",2019,9445,4853,0.283524904214559,77,14.8,"IntGr1KomKonUtb",5.7,46500,265050,9.5,16.99346405
"0862","Emmaboda",2020,9360,4799,0.286138387759763,76.5,16,"IntGr1KomKonUtb",5.6,47300,264880,8.7,54.38596491
"0862","Emmaboda",2021,9329,4778,0.291389207807118,78.3,14.6,"IntGr1KomKonUtb",5.9,47600,280840,7.12360416,16.99346405
"0862","Emmaboda",2022,9347,4786,0.297564338235294,79,12.8,"IntGr1KomUtbBAS",6,48300,289800,10.58710298,40.38461539
"0862","Emmaboda",2023,9056,4645,0.30147922047429,79.2,11.7,"IntGr1KomUtbBAS",5.3,52500,278250,9.82280431,32.87671233
"0880","Kalmar",2016,66571,38689,0.449947502624869,79.9,12,"IntGr1KomKonUtb",5.5,44300,243650,9.9,
"0880","Kalmar",2017,67451,39006,0.454834156669019,80.5,11.9,"IntGr1KomKonUtb",5.6,44800,250880,9.8,14.90909091
"0880","Kalmar",2018,68510,39408,0.459286394185007,80.5,12,"IntGr1KomKonUtb",5.7,45500,259350,9.6,27.27272728
"0880","Kalmar",2019,69467,39778,0.463797872643796,80,11.7,"IntGr1KomKonUtb",5.8,46500,269700,9,37.5
"0880","Kalmar",2020,70329,40137,0.46730241376383,79.6,13.5,"IntGr1KomKonUtb",5.7,47300,269610,9.7,31.66666666
"0880","Kalmar",2021,71328,40605,0.471415760564959,80.5,12.3,"IntGr1KomKonUtb",6,47600,285600,11.12611891,35.46798029
"0880","Kalmar",2022,72018,40984,0.478733734705768,82.2,10.8,"IntGr1KomUtbBAS",6.1,48300,294630,10.18073667,41.07142857
"0880","Kalmar",2023,72304,41101,0.48375051860047,81.6,10.7,"IntGr1KomUtbBAS",5.3,52500,278250,8.46268724,42.06008584
"0881","Nybro",2016,20311,10988,0.285963472193721,75.4,15.8,"IntGr1KomKonUtb",5.3,44300,234790,10,24.19354839
"0881","Nybro",2017,20406,10876,0.292293521645686,76.6,15.5,"IntGr1KomKonUtb",5.4,44800,241920,6,25.20325203
"0881","Nybro",2018,20350,10769,0.2990261404408,77.8,14.4,"IntGr1KomKonUtb",5.5,45500,250250,6.7,23.52941176
"0881","Nybro",2019,20318,10693,0.300102774922919,77.9,13.7,"IntGr1KomKonUtb",5.5,46500,255750,9.1,6.61157024
"0881","Nybro",2020,20273,10618,0.305315203955501,78.1,14.6,"IntGr1KomKonUtb",5.5,47300,260150,7.7,5.36912752
"0881","Nybro",2021,20284,10633,0.313449691991786,79.3,13.8,"IntGr1KomKonUtb",5.7,47600,271320,8.80327726,
"0881","Nybro",2022,20303,10628,0.31964175416924,80.8,12.2,"IntGr1KomUtbBAS",5.9,48300,284970,7.92406827,
"0881","Nybro",2023,20145,10542,0.323746236112553,79.6,12.4,"IntGr1KomUtbBAS",5.1,52500,267750,8.09963421,18.91891892
"0882","Oskarshamn",2016,27006,14701,0.317600487210719,81.8,11.7,"IntGr1KomKonUtb",5.9,44300,261370,6.8,
"0882","Oskarshamn",2017,26928,14552,0.321851453175458,82.6,11.4,"IntGr1KomKonUtb",6,44800,268800,7.7,46.5625
"0882","Oskarshamn",2018,26928,14398,0.324622263336417,82.3,12.6,"IntGr1KomKonUtb",6.1,45500,277550,7.3,33.19672131
"0882","Oskarshamn",2019,27102,14361,0.325847032492089,82.7,12.1,"IntGr1KomKonUtb",6,46500,279000,7,33.19672131
"0882","Oskarshamn",2020,27147,14294,0.328995996304281,81.3,13.1,"IntGr1KomKonUtb",5.9,47300,279070,8.5,
"0882","Oskarshamn",2021,27220,14323,0.336862293824319,83.1,12.1,"IntGr1KomKonUtb",6.2,47600,295120,6.94265878,
"0882","Oskarshamn",2022,27028,14311,0.346448254745867,84,11.1,"IntGr1KomUtbBAS",6.3,48300,304290,6.9907645,
"0882","Oskarshamn",2023,26918,14203,0.350913717325931,83.5,9.7,"IntGr1KomUtbBAS",5.5,52500,288750,7.455492,
"0883","Västervik",2016,36438,19063,0.315084517751652,78.6,14.7,"IntGr1KomKonUtb",5.4,44300,239220,7.4,
"0883","Västervik",2017,36551,18910,0.319141470261419,79.2,14.2,"IntGr1KomKonUtb",5.5,44800,246400,7.7,35.2112676
"0883","Västervik",2018,36680,18799,0.331291207188284,79.8,13.9,"IntGr1KomKonUtb",5.7,45500,259350,7.3,18.57142857
"0883","Västervik",2019,36679,18658,0.3333528481939,79.9,13.6,"IntGr1KomKonUtb",5.7,46500,265050,7.1,17.6100629
"0883","Västervik",2020,36655,18531,0.34038676306354,79.6,15,"IntGr1KomKonUtb",5.7,47300,269610,8.8,24.76190476
"0883","Västervik",2021,36747,18357,0.351328952820695,81.6,13,"IntGr1KomKonUtb",5.9,47600,280840,9.15631132,43.20987654
"0883","Västervik",2022,36650,18218,0.361380217677311,83.3,11.5,"IntGr1KomUtbBAS",6,48300,289800,8.63800723,35.13513514
"0883","Västervik",2023,36434,18022,0.368074038228889,82.8,10.9,"IntGr1KomUtbBAS",5.2,52500,273000,8.56737301,24.67532467
"0884","Vimmerby",2016,15636,8427,0.263460253841015,81.5,11.9,"IntGr1KomKonUtb",5.5,44300,243650,8.8,
"0884","Vimmerby",2017,15728,8450,0.267266472611802,82.2,12.2,"IntGr1KomKonUtb",5.6,44800,250880,7.5,40.9090909
"0884","Vimmerby",2018,15764,8384,0.269327342407824,82.3,12.4,"IntGr1KomKonUtb",5.6,45500,254800,8.3,29.6875
"0884","Vimmerby",2019,15647,8279,0.27367297946119,83.9,11.5,"IntGr1KomKonUtb",5.7,46500,265050,7.9,32.87671233
"0884","Vimmerby",2020,15672,8252,0.277406417112299,82.9,13.5,"IntGr1KomKonUtb",5.7,47300,269610,7.9,37.09677419
"0884","Vimmerby",2021,15578,8166,0.278763440860215,84.2,11.5,"IntGr1KomKonUtb",5.9,47600,280840,9.60234975,25.45454545
"0884","Vimmerby",2022,15557,8119,0.287643484132343,85.4,9.3,"IntGr1KomUtbBAS",6.1,48300,294630,9.02934537,64
"0884","Vimmerby",2023,15461,8058,0.293708202538556,85.3,9.6,"IntGr1KomUtbBAS",5.2,52500,273000,8.62460281,44.06779661
"0885","Borgholm",2016,10930,5338,0.294950738916256,78.5,12.3,"IntGr1KomKonUtb",5.2,44300,230360,12.5,60.46511628
"0885","Borgholm",2017,10857,5239,0.303660565723794,80.2,12.7,"IntGr1KomKonUtb",5.3,44800,237440,12.9,36.58536585
"0885","Borgholm",2018,10873,5198,0.308734625807797,80.2,11.8,"IntGr1KomKonUtb",5.3,45500,241150,12.7,
"0885","Borgholm",2019,10839,5113,0.310819394452678,79.1,11.1,"IntGr1KomKonUtb",5.4,46500,251100,11.2,
"0885","Borgholm",2020,10836,5046,0.322663252240717,79.7,12.1,"IntGr1KomKonUtb",5.5,47300,260150,12.5,26.47058823
"0885","Borgholm",2021,10895,5025,0.329616126956895,81,11.4,"IntGr1KomKonUtb",5.7,47600,271320,15.88474326,48.48484848
"0885","Borgholm",2022,10857,4963,0.336227479921858,82.6,10.1,"IntGr1KomUtbBAS",5.9,48300,284970,16.20327748,55.55555556
"0885","Borgholm",2023,10748,4839,0.33754712796629,82.5,9.4,"IntGr1KomUtbBAS",5.1,52500,267750,13.44788943,34.375
"0980","Gotland",2016,58003,31893,0.340024652227505,80.6,12.3,"IntGr1KomKonUtb",5.3,44300,234790,12.3,
"0980","Gotland",2017,58595,31950,0.347990477524156,81.1,11.9,"IntGr1KomKonUtb",5.3,44800,237440,11.1,54.21686747
"0980","Gotland",2018,59249,31960,0.353476734892449,81.5,11.5,"IntGr1KomKonUtb",5.4,45500,245700,10.9,45.04504504
"0980","Gotland",2019,59686,32069,0.361836183618362,80.3,10.9,"IntGr1KomKonUtb",5.5,46500,255750,12.4,60.5839416
"0980","Gotland",2020,60124,32095,0.371460108309475,80,13,"IntGr1KomKonUtb",5.5,47300,260150,12.5,47.72727272
"0980","Gotland",2021,61001,32301,0.380927888077358,81.1,11.6,"IntGr1KomKonUtb",5.7,47600,271320,13.28436576,45.89041096
"0980","Gotland",2022,61173,32268,0.390493236498813,82.2,9.3,"IntGr1KomUtbBAS",5.9,48300,284970,11.84569052,49.13294797
"0980","Gotland",2023,61029,31944,0.397218842343125,82.3,8.4,"IntGr1KomUtbBAS",5.1,52500,267750,10.51240809,32.67973856
"1060","Olofström",2016,13417,7189,0.26621958827199,76.5,18.5,"IntGr1KomKonUtb",5.6,44300,248080,6,
"1060","Olofström",2017,13482,7174,0.269967304997665,78.3,17.8,"IntGr1KomKonUtb",5.8,44800,259840,7.6,46.96969697
"1060","Olofström",2018,13516,7180,0.271036727103673,78,17.6,"IntGr1KomKonUtb",5.8,45500,263900,6.4,
"1060","Olofström",2019,13426,7106,0.27286894187315,77.2,16.8,"IntGr1KomKonUtb",5.8,46500,269700,7,22
"1060","Olofström",2020,13311,7035,0.272127024052822,76.5,17.7,"IntGr1KomKonUtb",5.7,47300,269610,5.7,22
"1060","Olofström",2021,13263,7025,0.276202412658625,77,16,"IntGr1KomKonUtb",6,47600,285600,8.67964229,23.07692308
"1060","Olofström",2022,13159,6921,0.281670093310138,78.7,14.6,"IntGr1KomUtbBAS",6.1,48300,294630,6.84390629,26.72413793
"1060","Olofström",2023,13061,6895,0.285419641440584,77.9,13.3,"IntGr1KomUtbBAS",5.3,52500,278250,6.79004127,28
"1080","Karlskrona",2016,66262,37027,0.455891463263536,77.1,14.4,"IntGr1KomKonUtb",5.6,44300,248080,7.9,56.70498085
"1080","Karlskrona",2017,66666,37020,0.461938461538462,78.3,13.9,"IntGr1KomKonUtb",5.7,44800,255360,8.5,56.55172414
"1080","Karlskrona",2018,66675,36847,0.469036344628252,78.9,13.4,"IntGr1KomKonUtb",5.8,45500,263900,7.8,42.09401709
"1080","Karlskrona",2019,66622,36644,0.477516520670048,78.8,12.7,"IntGr1KomKonUtb",5.8,46500,269700,8,45.49918167
"1080","Karlskrona",2020,66515,36547,0.484310461747118,78.4,13.7,"IntGr1KomKonUtb",5.9,47300,279070,8.2,44.44444444
"1080","Karlskrona",2021,66708,36569,0.490183407188577,79.6,12.6,"IntGr1KomKonUtb",6.1,47600,290360,9.88707654,41.42194745
"1080","Karlskrona",2022,66682,36626,0.499768853823158,81.4,10.6,"IntGr1KomUtbBAS",6.3,48300,304290,8.8799699,42.5
"1080","Karlskrona",2023,66420,36466,0.503182527301092,82,9.8,"IntGr1KomUtbBAS",5.5,52500,288750,8.03806185,
"1081","Ronneby",2016,29207,15463,0.333429311834149,75,21,"IntGr1KomKonUtb",5.3,44300,234790,7.7,62.47191012
"1081","Ronneby",2017,29568,15492,0.335001429796969,75.1,21.5,"IntGr1KomKonUtb",5.4,44800,241920,7.1,63.50877193
"1081","Ronneby",2018,29695,15430,0.336776859504132,75.7,20.6,"IntGr1KomKonUtb",5.4,45500,245700,8,71.05263158
"1081","Ronneby",2019,29633,15255,0.341075794621027,75.7,19.9,"IntGr1KomKonUtb",5.5,46500,255750,6.6,72.4738676
"1081","Ronneby",2020,29372,15113,0.343055656075849,75.7,20.5,"IntGr1KomKonUtb",5.5,47300,260150,8.9,73.12661499
"1081","Ronneby",2021,29200,14926,0.350040242920904,77.2,18.3,"IntGr1KomKonUtb",5.7,47600,271320,9.62131491,83.06264501
"1081","Ronneby",2022,29169,14938,0.355709139033895,78.4,16.7,"IntGr1KomUtbBAS",5.9,48300,284970,10.79447323,85.34704371
"1081","Ronneby",2023,29021,14856,0.360088855979267,78.8,15.3,"IntGr1KomUtbBAS",5.2,52500,273000,7.84794605,21.96261682
"1082","Karlshamn",2016,32130,17357,0.354355130524683,78.1,16.3,"IntGr1KomKonUtb",5.5,44300,243650,9.5,
"1082","Karlshamn",2017,32200,17316,0.360444100180739,79.1,16.3,"IntGr1KomKonUtb",5.6,44800,250880,8.5,26
"1082","Karlshamn",2018,32330,17354,0.365939479239972,79.2,15.9,"IntGr1KomKonUtb",5.7,45500,259350,8.4,16.86046511
"1082","Karlshamn",2019,32473,17345,0.368865570413974,78.8,16.3,"IntGr1KomKonUtb",5.7,46500,265050,9.2,24.44444444
"1082","Karlshamn",2020,32402,17280,0.374943985660329,78.1,17.3,"IntGr1KomKonUtb",5.7,47300,269610,10.5,31.64556962
"1082","Karlshamn",2021,32226,17084,0.3820593727864,79.3,15.7,"IntGr1KomKonUtb",5.9,47600,280840,11.31953428,32.45033113
"1082","Karlshamn",2022,32216,17086,0.39119504963259,81.2,14.2,"IntGr1KomUtbBAS",6.1,48300,294630,9.23276281,32.7014218
"1082","Karlshamn",2023,31996,16928,0.40068961030512,80.6,12.9,"IntGr1KomUtbBAS",5.3,52500,278250,8.37023437,29.36507936
"1083","Sölvesborg",2016,17437,9307,0.304809643155508,79.3,16.4,"IntGr1KomKonUtb",5.4,44300,239220,9.4,22.5165563
"1083","Sölvesborg",2017,17455,9277,0.308980755523877,80.7,15.9,"IntGr1KomKonUtb",5.6,44800,250880,8.5,39.28571428
"1083","Sölvesborg",2018,17468,9294,0.313990744037024,80.8,15.2,"IntGr1KomKonUtb",5.7,45500,259350,9.3,28.91566265
"1083","Sölvesborg",2019,17452,9232,0.316252526453454,80.4,14.6,"IntGr1KomKonUtb",5.7,46500,265050,8.6,41.02564103
"1083","Sölvesborg",2020,17456,9194,0.324579204965978,80.5,16.5,"IntGr1KomKonUtb",5.8,47300,274340,9.2,25.25252525
"1083","Sölvesborg",2021,17540,9246,0.330319971452361,81.7,14.3,"IntGr1KomKonUtb",6,47600,285600,10.26509866,41.86046511
"1083","Sölvesborg",2022,17514,9186,0.339120095124851,83.2,12.1,"IntGr1KomUtbBAS",6.2,48300,299460,9.66135458,40.56603774
"1083","Sölvesborg",2023,17475,9121,0.347784316080221,82.5,11.4,"IntGr1KomUtbBAS",5.4,52500,283500,8.21643287,38.57142857
"1214","Svalöv",2016,13919,7892,0.321973981900453,77.4,13.3,"IntGr1KomKonUtb",5.6,44300,248080,11.2,
"1214","Svalöv",2017,14025,7901,0.326340982683373,78.2,13.7,"IntGr1KomKonUtb",5.7,44800,255360,11.4,
"1214","Svalöv",2018,14123,7926,0.331477873643195,79.3,12.8,"IntGr1KomKonUtb",5.8,45500,263900,10.7,
"1214","Svalöv",2019,14268,8038,0.335380835380835,79.4,12.1,"IntGr1KomKonUtb",5.8,46500,269700,11.1,
"1214","Svalöv",2020,14276,8012,0.340437084294828,79.6,13.3,"IntGr1KomKonUtb",5.9,47300,279070,11.9,
"1214","Svalöv",2021,14412,8074,0.351040821843742,80.9,13.3,"IntGr1KomKonUtb",6.1,47600,290360,14.81819218,30.39772727
"1214","Svalöv",2022,14466,8083,0.367744554187525,81.9,11.2,"IntGr1KomUtbBAS",6.3,48300,304290,12.63373549,74
"1214","Svalöv",2023,14544,8124,0.375624240788231,81.2,11.1,"IntGr1KomUtbBAS",5.5,52500,288750,10.93767802,100
"1230","Staffanstorp",2016,23600,12539,0.481101464526879,84.1,9.2,"IntGr1KomKonUtb",6.4,44300,283520,12.2,
"1230","Staffanstorp",2017,24167,12765,0.48424289008455,84.2,9.3,"IntGr1KomKonUtb",6.5,44800,291200,10.4,60.25641026
"1230","Staffanstorp",2018,24724,13024,0.493044564764681,84.6,8.9,"IntGr1KomKonUtb",6.7,45500,304850,10.2,48.48484848
"1230","Staffanstorp",2019,25396,13413,0.501373626373626,85.1,8.9,"IntGr1KomKonUtb",6.8,46500,316200,8.3,37.80487805
"1230","Staffanstorp",2020,25883,13738,0.509171061953869,84.2,10.4,"IntGr1KomKonUtb",6.8,47300,321640,9.1,39.74358975
"1230","Staffanstorp",2021,26242,13946,0.513189448441247,84.9,9.9,"IntGr1KomKonUtb",7.1,47600,337960,12.24596144,57.5
"1230","Staffanstorp",2022,26778,14288,0.530236435283419,87,8.6,"IntGr1KomUtbBAS",7.3,48300,352590,10.76953201,53.84615385
"1230","Staffanstorp",2023,27152,14546,0.536134704216957,86.7,8.6,"IntGr1KomUtbBAS",6.4,52500,336000,9.24155513,55.88235294
"1231","Burlöv",2016,17646,9933,0.354799107142857,72.1,17.7,"IntGr1KomKonUtb",5.3,44300,234790,9.2,16.21621621
"1231","Burlöv",2017,18073,10064,0.361062335381914,72.9,17.8,"IntGr1KomKonUtb",5.4,44800,241920,8.9,72.47706422
"1231","Burlöv",2018,18360,10265,0.367531488857789,73,17.3,"IntGr1KomKonUtb",5.5,45500,250250,9.5,65.48672567
"1231","Burlöv",2019,19112,10744,0.376431740790424,73.9,17.2,"IntGr1KomKonUtb",5.5,46500,255750,10.6,
"1231","Burlöv",2020,19312,10921,0.390429747028345,73.1,19.5,"IntGr1KomKonUtb",5.6,47300,264880,9,34.89583333
"1231","Burlöv",2021,19753,11205,0.400355520442426,74.4,18.8,"IntGr1KomKonUtb",5.8,47600,276080,14.33396491,42.7027027
"1231","Burlöv",2022,19882,11324,0.41283151326053,77.2,16.6,"IntGr1KomUtbBAS",6,48300,289800,12.86597938,39.42307692
"1231","Burlöv",2023,19844,11312,0.414069369809477,76.7,16.2,"IntGr1KomUtbBAS",5.2,52500,273000,9.87916395,
"1233","Vellinge",2016,35257,18178,0.513505365971301,81.5,7.7,"IntGr1KomKonUtb",7,44300,310100,15.4,
"1233","Vellinge",2017,35790,18410,0.519592754824198,82.1,7.6,"IntGr1KomKonUtb",7.1,44800,318080,14.2,
"1233","Vellinge",2018,36499,18707,0.52938443670151,82.1,7.4,"IntGr1KomKonUtb",7.2,45500,327600,14.6,32.14285714
"1233","Vellinge",2019,36628,18682,0.539256078454129,81.9,7.4,"IntGr1KomKonUtb",7.4,46500,344100,13.3,51.85185185
"1233","Vellinge",2020,36915,18794,0.549052268811028,81.4,9.1,"IntGr1KomKonUtb",7.6,47300,359480,17.2,65.11627907
"1233","Vellinge",2021,37452,19089,0.560453187531706,82.1,8,"IntGr1KomKonUtb",7.9,47600,376040,15.90532544,27.27272727
"1233","Vellinge",2022,37821,19220,0.569853352737042,86.5,6.5,"IntGr1KomUtbBAS",8.2,48300,396060,15.20822476,19.23076923
"1233","Vellinge",2023,37738,19169,0.579480256496794,85.7,6.2,"IntGr1KomUtbBAS",7.3,52500,383250,12.8493716,
"1256","Östra Göinge",2016,14406,7791,0.253069478549762,72.9,20.9,"IntGr1KomKonUtb",5.3,44300,234790,8.2,62.5
"1256","Östra Göinge",2017,14715,7873,0.253475177304965,73,21.7,"IntGr1KomKonUtb",5.2,44800,232960,8.1,41.66666667
"1256","Östra Göinge",2018,14915,7861,0.257820171131996,74,20,"IntGr1KomKonUtb",5.3,45500,241150,6.4,41.17647059
"1256","Östra Göinge",2019,15007,7829,0.257243319268636,74.5,19.2,"IntGr1KomKonUtb",5.4,46500,251100,8.9,26.13065327
"1256","Östra Göinge",2020,15017,7856,0.260199074723118,74.9,20.2,"IntGr1KomKonUtb",5.4,47300,255420,8.3,53.37243402
"1256","Östra Göinge",2021,14941,7759,0.264626717665392,75.9,18.9,"IntGr1KomKonUtb",5.7,47600,271320,8.3089526,43.46733668
"1256","Östra Göinge",2022,14577,7619,0.272923253808566,78.3,16.5,"IntGr1KomUtbBAS",5.8,48300,280140,8.910775,39.66666667
"1256","Östra Göinge",2023,14331,7449,0.278445747800587,78.1,15.6,"IntGr1KomUtbBAS",5.1,52500,267750,8.48470363,32.45033112
"1257","Örkelljunga",2016,9958,5362,0.239451257534816,75.5,14.2,"IntGr1KomKonUtb",5.4,44300,239220,8.7,38.38383838
"1257","Örkelljunga",2017,10047,5411,0.239161701253339,76.3,14,"IntGr1KomKonUtb",5.5,44800,246400,12.8,49.33333333
"1257","Örkelljunga",2018,10174,5459,0.250912778904665,77.3,14.2,"IntGr1KomKonUtb",5.6,45500,254800,8.9,52.68817204
"1257","Örkelljunga",2019,10280,5494,0.254669612371962,77.2,12.7,"IntGr1KomKonUtb",5.6,46500,260400,8.8,39.09090909
"1257","Örkelljunga",2020,10451,5591,0.265547877591313,76.9,14.3,"IntGr1KomKonUtb",5.6,47300,264880,12.9,50.76923077
"1257","Örkelljunga",2021,10499,5632,0.268188024185684,78.7,14.2,"IntGr1KomKonUtb",5.9,47600,280840,13.96877568,37.67123287
"1257","Örkelljunga",2022,10455,5627,0.274765990639626,81.8,11.3,"IntGr1KomUtbBAS",6.1,48300,294630,9.79911808,26.41509434
"1257","Örkelljunga",2023,10433,5600,0.281725888324873,80.2,11.5,"IntGr1KomUtbBAS",5.3,52500,278250,10.18731515,53.19148936
"1260","Bjuv",2016,15202,8564,0.207226076711611,74.9,16.5,"IntGr1KomKonUtb",5.4,44300,239220,11.4,56.60377359
"1260","Bjuv",2017,15429,8657,0.214267285861713,74.9,17.5,"IntGr1KomKonUtb",5.5,44800,246400,8.5,50
"1260","Bjuv",2018,15501,8656,0.218142272262027,74.7,16.7,"IntGr1KomKonUtb",5.5,45500,250250,9.9,52.94117647
"1260","Bjuv",2019,15715,8699,0.221335360445965,75,15.9,"IntGr1KomKonUtb",5.5,46500,255750,7.6,47.58064517
"1260","Bjuv",2020,15697,8707,0.227324191722229,74.8,17.3,"IntGr1KomKonUtb",5.6,47300,264880,8,37.5
"1260","Bjuv",2021,15842,8786,0.237518721917124,76.2,17.3,"IntGr1KomKonUtb",5.8,47600,276080,11.52315106,42.42424242
"1260","Bjuv",2022,16062,8940,0.247882136279926,78.1,14.9,"IntGr1KomUtbBAS",6,48300,289800,9.49103046,
"1260","Bjuv",2023,15968,8939,0.25220913107511,78,14.9,"IntGr1KomUtbBAS",5.2,52500,273000,8.80516023,40
"1261","Kävlinge",2016,30532,16529,0.446619217081851,84.4,9.8,"IntGr1KomKonUtb",6.5,44300,287950,11.4,44.09448819
"1261","Kävlinge",2017,30959,16628,0.453490645981357,84.9,9.6,"IntGr1KomKonUtb",6.6,44800,295680,10.6,
"1261","Kävlinge",2018,31491,16860,0.461009321761492,85,9.1,"IntGr1KomKonUtb",6.7,45500,304850,11.1,
"1261","Kävlinge",2019,31705,16928,0.470876879938822,85,9.1,"IntGr1KomKonUtb",6.8,46500,316200,10.6,40.93959731
"1261","Kävlinge",2020,32020,17079,0.479702001388977,84.5,10.8,"IntGr1KomKonUtb",6.8,47300,321640,10.9,44.23076924
"1261","Kävlinge",2021,32341,17231,0.488855590934632,85.2,10,"IntGr1KomKonUtb",7.1,47600,337960,12.48033561,50.51546392
"1261","Kävlinge",2022,32470,17398,0.504784986328611,87.4,8.4,"IntGr1KomUtbBAS",7.3,48300,352590,10.95962244,
"1261","Kävlinge",2023,32430,17427,0.510565568676196,86.5,8.3,"IntGr1KomUtbBAS",6.4,52500,336000,9.50451854,44.44444444
"1262","Lomma",2016,23887,12109,0.659967555875991,85.2,6.4,"IntGr1KomKonUtb",7.5,44300,332250,13.1,
"1262","Lomma",2017,24264,12247,0.659342606538496,85.3,6.5,"IntGr1KomKonUtb",7.7,44800,344960,13.3,
"1262","Lomma",2018,24763,12482,0.6636961412009,85.1,6.6,"IntGr1KomKonUtb",7.8,45500,354900,12.3,
"1262","Lomma",2019,24834,12489,0.670943851188426,84.1,6.8,"IntGr1KomKonUtb",7.9,46500,367350,11.7,
"1262","Lomma",2020,24876,12457,0.682108350586612,84.3,7.9,"IntGr1KomKonUtb",8.1,47300,383130,13.1,
"1262","Lomma",2021,24638,12295,0.692722841225627,84.9,7.3,"IntGr1KomKonUtb",8.5,47600,404600,13.88787901,78.37837838
"1262","Lomma",2022,24721,12329,0.704702084969031,87,6,"IntGr1KomUtbBAS",8.7,48300,420210,13.78958121,97.5
"1262","Lomma",2023,24627,12300,0.713034337771549,86.1,6.1,"IntGr1KomUtbBAS",7.8,52500,409500,11.90991771,
"1263","Svedala",2016,20771,11332,0.379818812644564,84.2,10,"IntGr1KomKonUtb",6.2,44300,274660,11.4,
"1263","Svedala",2017,21074,11431,0.385192929100931,84.6,9.8,"IntGr1KomKonUtb",6.3,44800,282240,11.1,33.76623377
"1263","Svedala",2018,21576,11609,0.39496188882692,84.5,9.3,"IntGr1KomKonUtb",6.4,45500,291200,9.3,54.19354839
"1263","Svedala",2019,22229,11912,0.406617248237208,85,9.4,"IntGr1KomKonUtb",6.5,46500,302250,9.6,41.98473283
"1263","Svedala",2020,22665,12135,0.418091609816603,84.2,11,"IntGr1KomKonUtb",6.5,47300,307450,9.3,27.5
"1263","Svedala",2021,23222,12408,0.431077694235589,84.9,10.2,"IntGr1KomKonUtb",6.8,47600,323680,11.64170251,
"1263","Svedala",2022,23288,12398,0.44429029740744,87.6,8.7,"IntGr1KomUtbBAS",7,48300,338100,10.90239411,
"1263","Svedala",2023,23470,12463,0.457320227625453,87.4,8.5,"IntGr1KomUtbBAS",6.1,52500,320250,10.01989243,45.83333334
"1264","Skurup",2016,15408,8594,0.30669434353918,79.1,13.6,"IntGr1KomKonUtb",5.7,44300,252510,10.1,
"1264","Skurup",2017,15642,8661,0.309295486510676,79.8,13.5,"IntGr1KomKonUtb",5.8,44800,259840,12.6,33.33333334
"1264","Skurup",2018,15759,8706,0.3125,80.4,12.6,"IntGr1KomKonUtb",5.9,45500,268450,12.2,21.21212121
"1264","Skurup",2019,15889,8775,0.317895796627234,80.3,12.9,"IntGr1KomKonUtb",5.9,46500,274350,11.4,
"1264","Skurup",2020,16042,8827,0.326772144013953,79.9,14.3,"IntGr1KomKonUtb",6,47300,283800,13.7,
"1264","Skurup",2021,16419,9076,0.334465607181851,80.9,13.6,"IntGr1KomKonUtb",6.2,47600,295120,13.88321764,
"1264","Skurup",2022,16731,9235,0.345478281509613,83.7,10.9,"IntGr1KomUtbBAS",6.5,48300,313950,10.46003859,
"1264","Skurup",2023,16861,9312,0.35480464625132,82.5,10.8,"IntGr1KomUtbBAS",5.6,52500,294000,12.30246049,
"1265","Sjöbo",2016,18742,10405,0.277173338966938,80.8,11.1,"IntGr1KomKonUtb",5.6,44300,248080,13.2,19.23076923
"1265","Sjöbo",2017,19071,10493,0.283328113581794,81.1,10.8,"IntGr1KomKonUtb",5.7,44800,255360,12.8,37.93103448
"1265","Sjöbo",2018,19153,10467,0.284271885083793,81.3,10.5,"IntGr1KomKonUtb",5.8,45500,263900,11.4,17.5
"1265","Sjöbo",2019,19226,10449,0.28964300539643,82,10.4,"IntGr1KomKonUtb",5.9,46500,274350,10.4,63
"1265","Sjöbo",2020,19412,10541,0.295608454750667,81.6,11.6,"IntGr1KomKonUtb",6,47300,283800,13.2,44.44444444
"1265","Sjöbo",2021,19497,10574,0.303126601742696,82.4,11.1,"IntGr1KomKonUtb",6.2,47600,295120,13.29342372,40
"1265","Sjöbo",2022,19547,10628,0.313579237764381,83.9,10,"IntGr1KomUtbBAS",6.3,48300,304290,12.64822134,35.8974359
"1265","Sjöbo",2023,19437,10545,0.322251955537258,83,9.5,"IntGr1KomUtbBAS",5.5,52500,288750,12.59071435,41.66666666
"1266","Hörby",2016,15283,8504,0.294793161947018,80.4,12.4,"IntGr1KomKonUtb",5.5,44300,243650,12,
"1266","Hörby",2017,15552,8564,0.299072642967543,80.5,12.7,"IntGr1KomKonUtb",5.6,44800,250880,10.8,
"1266","Hörby",2018,15635,8594,0.305701473414478,80.8,11.6,"IntGr1KomKonUtb",5.7,45500,259350,9.4,77.77777778
"1266","Hörby",2019,15631,8564,0.308136550308008,81.3,11.5,"IntGr1KomKonUtb",5.7,46500,265050,9,43.90243902
"1266","Hörby",2020,15653,8543,0.316240409207161,80.8,13.1,"IntGr1KomKonUtb",5.8,47300,274340,11.2,31.50684931
"1266","Hörby",2021,15745,8541,0.327212445804642,81.3,12,"IntGr1KomKonUtb",6.1,47600,290360,12.58953766,36.04651163
"1266","Hörby",2022,15718,8515,0.338388988019373,82.9,10.4,"IntGr1KomUtbBAS",6.2,48300,299460,11.71875,44.44444444
"1266","Hörby",2023,15585,8425,0.343375820780224,82.6,9.8,"IntGr1KomUtbBAS",5.5,52500,288750,10.43024772,34.78260869
"1267","Höör",2016,16192,8966,0.402996070726916,81.5,10.4,"IntGr1KomKonUtb",5.8,44300,256940,10.5,
"1267","Höör",2017,16478,9027,0.406633458874985,81.2,10.8,"IntGr1KomKonUtb",5.9,44800,264320,11.6,41.97530864
"1267","Höör",2018,16637,9048,0.41220363461307,80.9,10.6,"IntGr1KomKonUtb",5.9,45500,268450,9.3,
"1267","Höör",2019,16713,9089,0.422323135755258,81.5,9.8,"IntGr1KomKonUtb",6,46500,279000,10.6,
"1267","Höör",2020,16830,9090,0.430663016307582,81.3,11.8,"IntGr1KomKonUtb",6,47300,283800,12.7,
"1267","Höör",2021,16954,9080,0.446261405379784,82.8,10.5,"IntGr1KomKonUtb",6.3,47600,299880,13.59991881,
"1267","Höör",2022,17297,9296,0.455902777777778,84.3,9.2,"IntGr1KomUtbBAS",6.5,48300,313950,13.38606632,
"1267","Höör",2023,17376,9331,0.468659817615145,83.9,8.9,"IntGr1KomUtbBAS",5.7,52500,299250,8.50138395,52.77777778
"1270","Tomelilla",2016,13330,7114,0.254032889584965,79,14.4,"IntGr1KomKonUtb",5.4,44300,239220,11.6,
"1270","Tomelilla",2017,13416,7160,0.262544663663197,79,14.1,"IntGr1KomKonUtb",5.5,44800,246400,9.1,
"1270","Tomelilla",2018,13557,7154,0.266192610913588,78.8,13.3,"IntGr1KomKonUtb",5.5,45500,250250,10.4,41.93548387
"1270","Tomelilla",2019,13617,7154,0.269538461538462,79.2,13.9,"IntGr1KomKonUtb",5.5,46500,255750,11.7,
"1270","Tomelilla",2020,13663,7143,0.273148148148148,78.6,14.7,"IntGr1KomKonUtb",5.6,47300,264880,12.4,36.20689656
"1270","Tomelilla",2021,13712,7105,0.272361497988239,79.5,13.5,"IntGr1KomKonUtb",5.8,47600,276080,14.19270833,27.45098039
"1270","Tomelilla",2022,13812,7152,0.285867895545315,80.8,12.3,"IntGr1KomUtbBAS",5.9,48300,284970,13.92503904,50
"1270","Tomelilla",2023,13660,7006,0.290835411471322,80.1,11.2,"IntGr1KomUtbBAS",5.2,52500,273000,11.24466848,
"1272","Bromölla",2016,12625,6703,0.262932454695222,78.5,17.3,"IntGr1KomKonUtb",5.5,44300,243650,5.8,22.53521126
"1272","Bromölla",2017,12699,6646,0.266236985622211,79.2,16.5,"IntGr1KomKonUtb",5.6,44800,250880,7.5,33.33333334
"1272","Bromölla",2018,12876,6681,0.271653543307087,79.5,16.3,"IntGr1KomKonUtb",5.7,45500,259350,8.3,13.88888889
"1272","Bromölla",2019,12870,6672,0.280300555374061,79.8,15.9,"IntGr1KomKonUtb",5.8,46500,269700,7.4,4.76190476
"1272","Bromölla",2020,12759,6607,0.282331511839709,79.3,16.5,"IntGr1KomKonUtb",5.8,47300,274340,8.3,0
"1272","Bromölla",2021,12650,6580,0.289900662251656,80,15.4,"IntGr1KomKonUtb",6,47600,285600,8.63149102,2.77777778
"1272","Bromölla",2022,12633,6572,0.302572614107884,81.1,14.1,"IntGr1KomUtbBAS",6.1,48300,294630,6.54960981,
"1272","Bromölla",2023,12498,6495,0.30890756302521,80.4,14,"IntGr1KomUtbBAS",5.4,52500,283500,7.50416898,
"1273","Osby",2016,13149,6902,0.265533980582524,78.5,14.5,"IntGr1KomKonUtb",5.4,44300,239220,7.8,30
"1273","Osby",2017,13182,6874,0.27061310782241,79.5,15.4,"IntGr1KomKonUtb",5.5,44800,246400,9.9,29.26829268
"1273","Osby",2018,13267,6922,0.280250682950346,79.8,14.7,"IntGr1KomKonUtb",5.5,45500,250250,8.3,25.21739131
"1273","Osby",2019,13208,6859,0.28820396966274,80.4,14,"IntGr1KomKonUtb",5.6,46500,260400,7.6,52.54237289
"1273","Osby",2020,13198,6813,0.290558079169371,79.4,15,"IntGr1KomKonUtb",5.6,47300,264880,8.8,21.31147541
"1273","Osby",2021,13269,6825,0.300257317465423,79.8,14.2,"IntGr1KomKonUtb",5.9,47600,280840,10.07387508,43.28358209
"1273","Osby",2022,13238,6780,0.310718911917098,81.5,12.8,"IntGr1KomUtbBAS",6,48300,289800,9.68262507,43.75
"1273","Osby",2023,13106,6713,0.316997213571546,80.5,12.7,"IntGr1KomUtbBAS",5.2,52500,273000,8.93461486,31.30434783
"1275","Perstorp",2016,7338,3999,0.231546449621106,69.4,18.9,"IntGr1KomKonUtb",5,44300,221500,7.2,33.33333333
"1275","Perstorp",2017,7335,3963,0.231330713082538,70.7,19.2,"IntGr1KomKonUtb",5.1,44800,228480,8.7,100
"1275","Perstorp",2018,7479,4027,0.23747936158503,70.3,19.8,"IntGr1KomKonUtb",5.2,45500,236600,8.5,32.8358209
"1275","Perstorp",2019,7492,4043,0.244116037219486,69.6,20.4,"IntGr1KomKonUtb",5.1,46500,237150,11,36.78160919
"1275","Perstorp",2020,7476,3997,0.246111111111111,69.5,22.1,"IntGr1KomKonUtb",5.1,47300,241230,7.9,50.61728395
"1275","Perstorp",2021,7565,3989,0.251523545706371,71.1,21.8,"IntGr1KomKonUtb",5.5,47600,261800,12.95996297,43.54838709
"1275","Perstorp",2022,7442,3924,0.252176354956473,73.3,20.1,"IntGr1KomUtbBAS",5.7,48300,275310,9.44047893,54.66666667
"1275","Perstorp",2023,7323,3817,0.255110855168442,72.1,18.7,"IntGr1KomUtbBAS",4.9,52500,257250,7.46094661,54.66666667
"1276","Klippan",2016,17219,9494,0.245294187285427,75.5,14.8,"IntGr1KomKonUtb",5.3,44300,234790,10.1,
"1276","Klippan",2017,17462,9599,0.252326663564449,75.8,15.1,"IntGr1KomKonUtb",5.4,44800,241920,10.1,
"1276","Klippan",2018,17600,9620,0.258493182343425,76.5,14.3,"IntGr1KomKonUtb",5.5,45500,250250,10.9,55.11811024
"1276","Klippan",2019,17756,9684,0.260484890267724,76.6,14.2,"IntGr1KomKonUtb",5.5,46500,255750,11.2,38
"1276","Klippan",2020,17738,9742,0.268032974582093,76.4,15.2,"IntGr1KomKonUtb",5.6,47300,264880,10.2,39.42307692
"1276","Klippan",2021,17783,9795,0.275528769615647,77.4,14.8,"IntGr1KomKonUtb",5.8,47600,276080,11.41832594,28.64077669
"1276","Klippan",2022,17865,9798,0.285247011053463,78.9,13.2,"IntGr1KomUtbBAS",6,48300,289800,12.00605029,50
"1276","Klippan",2023,17723,9715,0.295647258338044,78.8,12.4,"IntGr1KomUtbBAS",5.2,52500,273000,12.34102685,18.75
"1277","Åstorp",2016,15528,8611,0.239772873919215,74.3,18.5,"IntGr1KomKonUtb",5.4,44300,239220,10,
"1277","Åstorp",2017,15828,8679,0.243843307388031,74.9,18.7,"IntGr1KomKonUtb",5.5,44800,246400,9.7,
"1277","Åstorp",2018,15987,8781,0.249434815373022,75.9,17.5,"IntGr1KomKonUtb",5.6,45500,254800,10.7,40.24390244
"1277","Åstorp",2019,15940,8713,0.255778704054566,76.3,16.9,"IntGr1KomKonUtb",5.7,46500,265050,7.9,40.60150376
"1277","Åstorp",2020,16063,8790,0.260450563204005,75.4,17.7,"IntGr1KomKonUtb",5.7,47300,269610,7.8,39.56834532
"1277","Åstorp",2021,16308,8921,0.263448784082535,77.4,17.2,"IntGr1KomKonUtb",5.9,47600,280840,11.22105478,36.84210526
"1277","Åstorp",2022,16341,8972,0.269910964751799,78.5,16.1,"IntGr1KomUtbBAS",6.1,48300,294630,9.48592411,39.6039604
"1277","Åstorp",2023,16458,9075,0.276683186268585,77.8,16,"IntGr1KomUtbBAS",5.2,52500,273000,9.4015366,
"1278","Båstad",2016,14614,7437,0.373900074571216,79.2,12,"IntGr1KomKonUtb",5.7,44300,252510,16.8,35.41666666
"1278","Båstad",2017,14796,7408,0.379688658265382,79.3,11.5,"IntGr1KomKonUtb",5.8,44800,259840,14.7,60.25641026
"1278","Båstad",2018,14948,7441,0.384604105571848,79.6,10.7,"IntGr1KomKonUtb",5.9,45500,268450,11.4,46.57534247
"1278","Båstad",2019,15128,7475,0.393183466279913,79.8,10.8,"IntGr1KomKonUtb",6,46500,279000,16.2,45.16129032
"1278","Båstad",2020,15413,7607,0.40652945351313,79.6,12,"IntGr1KomKonUtb",6,47300,283800,18.9,11.76470588
"1278","Båstad",2021,15636,7678,0.413049565947914,81.2,10.9,"IntGr1KomKonUtb",6.4,47600,304640,19.80437145,37.73584906
"1278","Båstad",2022,15824,7699,0.427355198883461,82.5,9,"IntGr1KomUtbBAS",6.6,48300,318780,17.12700519,58.33333334
"1278","Båstad",2023,15912,7685,0.437517511908098,81.8,9.1,"IntGr1KomUtbBAS",5.7,52500,299250,13.02736943,15
"1280","Malmö",2016,328494,203682,0.490398647495168,66.9,19.8,"IntGr1KomKonUtb",5,44300,221500,12.9,27.93005671
"1280","Malmö",2017,333633,206288,0.494222328063519,67.3,19.9,"IntGr1KomKonUtb",5.1,44800,228480,13,29.57067053
"1280","Malmö",2018,339313,209160,0.501376722231672,67.8,19.5,"IntGr1KomKonUtb",5.2,45500,236600,13.3,29.63197969
"1280","Malmö",2019,344166,211988,0.507011900091539,68.6,18.8,"IntGr1KomKonUtb",5.3,46500,246450,12.7,31.76270224
"1280","Malmö",2020,347949,214369,0.515366247376211,67.8,21.2,"IntGr1KomKonUtb",5.4,47300,255420,13.8,35.05582137
"1280","Malmö",2021,351749,216706,0.521414101209885,69.9,20.4,"IntGr1KomKonUtb",5.7,47600,271320,14.72630924,48.52546917
"1280","Malmö",2022,357377,220471,0.534961861155549,74.9,18,"IntGr1KomUtbBAS",5.9,48300,284970,13.69559552,49.98503442
"1280","Malmö",2023,362133,224074,0.543407073745351,74.4,17.7,"IntGr1KomUtbBAS",5,52500,262500,12.23378416,47.10375557
"1281","Lund",2016,118542,73162,0.686999983227949,68.9,8.9,"IntGr1KomKonUtb",5.4,44300,239220,11.4,38.65546219
"1281","Lund",2017,121274,74526,0.685716632443532,69.1,9.2,"IntGr1KomKonUtb",5.5,44800,246400,11.3,32.63888889
"1281","Lund",2018,122948,74971,0.688875156521881,68.7,9,"IntGr1KomKonUtb",5.6,45500,254800,9.7,37.02127659
"1281","Lund",2019,124935,76152,0.692500764243078,69.2,8.8,"IntGr1KomKonUtb",5.6,46500,260400,9.7,30
"1281","Lund",2020,125941,76673,0.6976860276002,67.8,10.6,"IntGr1KomKonUtb",5.7,47300,269610,10.9,29.32330827
"1281","Lund",2021,127376,77555,0.701693882134035,68.6,9.8,"IntGr1KomKonUtb",5.9,47600,280840,11.21898598,29.66507177
"1281","Lund",2022,128384,78423,0.708365885935681,70.3,8.5,"IntGr1KomUtbBAS",6,48300,289800,10.72305757,19.72049689
"1281","Lund",2023,130288,79918,0.711134337339858,70.1,8.4,"IntGr1KomUtbBAS",5.1,52500,267750,8.8936785,31.19469027
"1282","Landskrona",2016,44611,25110,0.321447697250982,70.2,20.2,"IntGr1KomKonUtb",5.2,44300,230360,10.1,
"1282","Landskrona",2017,45286,25297,0.32670654468684,71.2,20.5,"IntGr1KomKonUtb",5.3,44800,237440,11,36.36363636
"1282","Landskrona",2018,45775,25497,0.334333681280445,72.7,19.2,"IntGr1KomKonUtb",5.5,45500,250250,9.9,47.72727273
"1282","Landskrona",2019,46090,25554,0.33898598373421,73.3,18,"IntGr1KomKonUtb",5.5,46500,255750,10.4,29.4214876
"1282","Landskrona",2020,46305,25557,0.345921189077083,73.5,19.3,"IntGr1KomKonUtb",5.6,47300,264880,9.6,41.23931623
"1282","Landskrona",2021,46488,25574,0.354747039827772,75.2,18.5,"IntGr1KomKonUtb",5.9,47600,280840,11.39084379,50.34013605
"1282","Landskrona",2022,47004,25944,0.365769525594072,77.8,16.2,"IntGr1KomUtbBAS",6.1,48300,294630,9.71049676,51.18733509
"1282","Landskrona",2023,47134,26042,0.374343554125021,77.5,15.5,"IntGr1KomUtbBAS",5.2,52500,273000,9.71081757,49.29178471
"1283","Helsingborg",2016,140547,81949,0.406841329125264,73.9,16.8,"IntGr1KomKonUtb",5.6,44300,248080,12.9,31.25911522
"1283","Helsingborg",2017,143304,83214,0.4098479850274,74.1,17,"IntGr1KomKonUtb",5.7,44800,255360,11.7,33.61730013
"1283","Helsingborg",2018,145415,84258,0.419228020014296,74.5,16.7,"IntGr1KomKonUtb",5.8,45500,263900,11.5,30.15759313
"1283","Helsingborg",2019,147734,85370,0.424665919924979,74.4,16.3,"IntGr1KomKonUtb",5.8,46500,269700,11,33.125
"1283","Helsingborg",2020,149280,86129,0.432199786090744,73.8,18.5,"IntGr1KomKonUtb",5.8,47300,274340,12.3,25.11261261
"1283","Helsingborg",2021,150109,86367,0.436238249345046,75.2,18,"IntGr1KomKonUtb",6.1,47600,290360,12.77335078,
"1283","Helsingborg",2022,150975,86729,0.447195921340131,77.5,16.5,"IntGr1KomUtbBAS",6.2,48300,299460,11.76533734,30.58510639
"1283","Helsingborg",2023,151306,86850,0.452299840510367,76.6,16.3,"IntGr1KomUtbBAS",5.3,52500,278250,10.8805803,26.53061225
"1284","Höganäs",2016,25847,13074,0.441649312786339,80.4,10.6,"IntGr1KomKonUtb",6.1,44300,270230,13.4,34.17721519
"1284","Höganäs",2017,26193,13198,0.443483987815922,81.2,10.3,"IntGr1KomKonUtb",6.3,44800,282240,13.3,40.24390244
"1284","Höganäs",2018,26566,13333,0.451154096228869,81.1,10.3,"IntGr1KomKonUtb",6.4,45500,291200,13.5,36.11111111
"1284","Höganäs",2019,26942,13487,0.454940107725702,80.1,10.3,"IntGr1KomKonUtb",6.4,46500,297600,13.2,
"1284","Höganäs",2020,27168,13533,0.461857975876668,80.3,12.1,"IntGr1KomKonUtb",6.4,47300,302720,13.6,53.52112676
"1284","Höganäs",2021,27589,13699,0.467950742027155,81.8,10.8,"IntGr1KomKonUtb",6.7,47600,318920,15.82830315,28.3018868
"1284","Höganäs",2022,28103,13973,0.476719944405837,83.7,9.5,"IntGr1KomUtbBAS",6.9,48300,333270,13.51351351,47.95918368
"1284","Höganäs",2023,28193,13983,0.48180764774044,83.5,9.2,"IntGr1KomUtbBAS",6,52500,315000,11.14514762,37.5
"1285","Eslöv",2016,32878,18593,0.360045827303425,78.9,13.7,"IntGr1KomKonUtb",5.6,44300,248080,10,
"1285","Eslöv",2017,33236,18762,0.36293963878327,78.8,14.3,"IntGr1KomKonUtb",5.7,44800,255360,7.9,36.29032258
"1285","Eslöv",2018,33557,18879,0.370021765986234,78.9,13.7,"IntGr1KomKonUtb",5.8,45500,263900,9.6,
"1285","Eslöv",2019,33793,18888,0.378052351115536,79.4,13.8,"IntGr1KomKonUtb",5.9,46500,274350,8.7,
"1285","Eslöv",2020,34123,19052,0.385438352995605,78.6,15.6,"IntGr1KomKonUtb",5.9,47300,279070,10.3,40.23668639
"1285","Eslöv",2021,34593,19290,0.39681179293795,79.7,15,"IntGr1KomKonUtb",6.1,47600,290360,10.48218029,15.29680365
"1285","Eslöv",2022,34701,19407,0.40746013667426,81.7,12.9,"IntGr1KomUtbBAS",6.3,48300,304290,11.13437381,34.1991342
"1285","Eslöv",2023,34775,19481,0.414889997731912,80.9,12.4,"IntGr1KomUtbBAS",5.5,52500,288750,7.7017577,37.85046729
"1286","Ystad",2016,29448,15740,0.381127798243128,81.7,11.3,"IntGr1KomKonUtb",5.8,44300,256940,11.7,26.92307692
"1286","Ystad",2017,29848,15717,0.38998663947683,81.9,11.3,"IntGr1KomKonUtb",5.9,44800,264320,10.8,27.27272728
"1286","Ystad",2018,30226,15838,0.395235780262518,81.9,10.8,"IntGr1KomKonUtb",6,45500,273000,11.8,10.78431373
"1286","Ystad",2019,30541,15890,0.399930986887509,82,10.7,"IntGr1KomKonUtb",6.1,46500,283650,11.2,4.06504065
"1286","Ystad",2020,30970,16012,0.405930400164733,82.3,12,"IntGr1KomKonUtb",6.1,47300,288530,12.2,12.5
"1286","Ystad",2021,31560,16214,0.418951776306903,82.7,10.8,"IntGr1KomKonUtb",6.4,47600,304640,14.1514839,29.52380952
"1286","Ystad",2022,31714,16179,0.436214826839827,84.8,9.5,"IntGr1KomUtbBAS",6.5,48300,313950,11.02164354,54.11764706
"1286","Ystad",2023,31911,16240,0.441160557283917,83.9,9.5,"IntGr1KomUtbBAS",5.7,52500,299250,11.05476096,46.72131148
"1287","Trelleborg",2016,43913,24487,0.314806398836575,77.8,14.1,"IntGr1KomKonUtb",5.7,44300,252510,10.4,48.80952381
"1287","Trelleborg",2017,44595,24791,0.321379063631892,78.6,13.9,"IntGr1KomKonUtb",5.8,44800,259840,10.4,52.26480837
"1287","Trelleborg",2018,44902,24887,0.32821828151948,79.2,13.2,"IntGr1KomKonUtb",5.8,45500,263900,9.5,56.93333333
"1287","Trelleborg",2019,45440,25128,0.33439268611232,79.2,13.1,"IntGr1KomKonUtb",5.9,46500,274350,9.3,61.69590643
"1287","Trelleborg",2020,45877,25264,0.343583984796787,78.2,15.1,"IntGr1KomKonUtb",5.9,47300,279070,10.9,56.04395605
"1287","Trelleborg",2021,46231,25359,0.349575726407817,79.4,14.4,"IntGr1KomKonUtb",6.2,47600,295120,11.63720998,61.5819209
"1287","Trelleborg",2022,46649,25609,0.358682252922423,81.9,12.8,"IntGr1KomUtbBAS",6.4,48300,309120,11.02620087,63.86554622
"1287","Trelleborg",2023,46936,25783,0.366428359913702,81.1,12.4,"IntGr1KomUtbBAS",5.5,52500,288750,9.3168819,66.73427991
"1290","Kristianstad",2016,83191,46312,0.385206508745822,76.6,16.8,"IntGr1KomKonUtb",5.5,44300,243650,9,20.09512485
"1290","Kristianstad",2017,84151,46601,0.387921667109362,77.2,16.5,"IntGr1KomKonUtb",5.5,44800,246400,9.9,15.0997151
"1290","Kristianstad",2018,84908,46669,0.392504978287469,77.5,16.1,"IntGr1KomKonUtb",5.6,45500,254800,9.5,15.74642127
"1290","Kristianstad",2019,85747,47063,0.39595451200114,77.5,15.7,"IntGr1KomKonUtb",5.7,46500,265050,9.7,17.97020485
"1290","Kristianstad",2020,86217,47064,0.401974712317091,77,17.1,"IntGr1KomKonUtb",5.7,47300,269610,10.5,11.31611316
"1290","Kristianstad",2021,86641,47170,0.406916711850822,77.8,16.9,"IntGr1KomKonUtb",5.9,47600,280840,11.45432903,8.58835143
"1290","Kristianstad",2022,86738,47113,0.415305833490655,79.5,14.9,"IntGr1KomUtbBAS",6.1,48300,294630,10.09686743,11.81208054
"1290","Kristianstad",2023,86560,46969,0.419116602755291,79.2,14.2,"IntGr1KomUtbBAS",5.3,52500,278250,8.75926649,16.4
"1291","Simrishamn",2016,19485,9664,0.340462427745665,76,13.2,"IntGr1KomKonUtb",5.3,44300,234790,14,
"1291","Simrishamn",2017,19376,9508,0.33931693670591,77.2,13.6,"IntGr1KomKonUtb",5.4,44800,241920,11.4,93.58974359
"1291","Simrishamn",2018,19278,9358,0.342847033848331,77.7,13.2,"IntGr1KomKonUtb",5.5,45500,250250,13.7,64.51612903
"1291","Simrishamn",2019,19174,9191,0.346558317399618,77.5,12.8,"IntGr1KomKonUtb",5.4,46500,251100,14.4,
"1291","Simrishamn",2020,19227,9211,0.35383339258206,78.1,13.1,"IntGr1KomKonUtb",5.5,47300,260150,15.6,
"1291","Simrishamn",2021,19267,9152,0.358751340402717,78.8,11.7,"IntGr1KomKonUtb",5.8,47600,276080,20.60913706,64
"1291","Simrishamn",2022,19074,8980,0.366217692027667,80.3,10.6,"IntGr1KomUtbBAS",5.9,48300,284970,13.08980213,19.14893617
"1291","Simrishamn",2023,18962,8840,0.375276480707791,79.8,9.9,"IntGr1KomUtbBAS",5.2,52500,273000,12.20900155,63.15789474
"1292","Ängelholm",2016,41336,22557,0.375681030212977,82.2,12.7,"IntGr1KomKonUtb",5.9,44300,261370,12.5,26
"1292","Ängelholm",2017,41786,22629,0.380677085885062,82.4,12,"IntGr1KomKonUtb",6,44800,268800,10.9,34.75409836
"1292","Ängelholm",2018,42131,22668,0.387323602153145,83,11.6,"IntGr1KomKonUtb",6.1,45500,277550,9.9,35.8974359
"1292","Ängelholm",2019,42476,22713,0.389542168674699,82.5,10.8,"IntGr1KomKonUtb",6.1,46500,283650,11.7,54.49101796
"1292","Ängelholm",2020,42910,22865,0.395636848623416,82.5,12.2,"IntGr1KomKonUtb",6.2,47300,293260,11.7,15.55555555
"1292","Ängelholm",2021,43633,23195,0.403127633673565,83.7,11.5,"IntGr1KomKonUtb",6.5,47600,309400,12.98804781,64.35045317
"1292","Ängelholm",2022,44268,23514,0.416450777202073,85.1,9.7,"IntGr1KomUtbBAS",6.6,48300,318780,11.76610884,39.93288591
"1292","Ängelholm",2023,44866,23820,0.425530941047235,84.4,9.8,"IntGr1KomUtbBAS",5.8,52500,304500,10.77712897,65.9375
"1293","Hässleholm",2016,51667,28239,0.331106073260947,77.4,17.2,"IntGr1KomKonUtb",5.4,44300,239220,9.5,
"1293","Hässleholm",2017,52003,28286,0.33481878771148,77.7,16.4,"IntGr1KomKonUtb",5.5,44800,246400,8.9,
"1293","Hässleholm",2018,52121,28210,0.338156442201546,77.9,16,"IntGr1KomKonUtb",5.6,45500,254800,9.9,29.18781726
"1293","Hässleholm",2019,52145,28210,0.344064861460957,78,15.2,"IntGr1KomKonUtb",5.6,46500,260400,10.1,23.48668281
"1293","Hässleholm",2020,52010,28060,0.349704142011834,77.4,16.7,"IntGr1KomKonUtb",5.6,47300,264880,10,18.27956989
"1293","Hässleholm",2021,52309,28140,0.354855169165555,78.4,15.8,"IntGr1KomKonUtb",5.9,47600,280840,11.41021017,44.11764706
"1293","Hässleholm",2022,52369,28237,0.362407190308714,79.6,14,"IntGr1KomUtbBAS",6,48300,289800,9.86691143,58.8028169
"1293","Hässleholm",2023,52241,28157,0.368639586352775,79.2,13.8,"IntGr1KomUtbBAS",5.2,52500,273000,9.24474063,40
"1315","Hylte",2016,10954,5834,0.242985302538652,76.5,17.8,"IntGr1KomKonUtb",5.5,44300,243650,7.8,26.01626016
"1315","Hylte",2017,10990,5833,0.248905803996194,77.9,18.1,"IntGr1KomKonUtb",5.6,44800,250880,9.5,28.30188679
"1315","Hylte",2018,10914,5750,0.248946763692072,78.9,16.2,"IntGr1KomKonUtb",5.7,45500,259350,6.3,13.33333333
"1315","Hylte",2019,10815,5647,0.248397747135366,78.3,15.9,"IntGr1KomKonUtb",5.7,46500,265050,9,8.02919708
"1315","Hylte",2020,10649,5533,0.24901185770751,77.4,17,"IntGr1KomKonUtb",5.6,47300,264880,8.7,10.63829787
"1315","Hylte",2021,10619,5522,0.252581413820492,78.9,15.9,"IntGr1KomKonUtb",5.9,47600,280840,10.06102589,15.18987341
"1315","Hylte",2022,10464,5420,0.259296685529507,81.3,13.5,"IntGr1KomUtbBAS",6,48300,289800,9.4292804,27.39726028
"1315","Hylte",2023,10299,5353,0.263832384052075,80.6,11.8,"IntGr1KomUtbBAS",5.3,52500,278250,6.8780406,16.47058823
"1380","Halmstad",2016,98538,56369,0.417277284998072,78.8,14.5,"IntGr1KomKonUtb",5.6,44300,248080,10.5,34.71177945
"1380","Halmstad",2017,99752,56760,0.420725119052383,79.6,13.9,"IntGr1KomKonUtb",5.7,44800,255360,10.1,33.4224599
"1380","Halmstad",2018,101268,57353,0.424098615678475,79.9,13.3,"IntGr1KomKonUtb",5.8,45500,263900,8.9,28.90365448
"1380","Halmstad",2019,102767,58089,0.42842186894145,79.2,13.2,"IntGr1KomKonUtb",5.8,46500,269700,9.9,26.80412371
"1380","Halmstad",2020,103754,58399,0.434531376401248,78.2,15.1,"IntGr1KomKonUtb",5.8,47300,274340,10.9,23.02158273
"1380","Halmstad",2021,104573,58697,0.439712781235041,79.6,14.2,"IntGr1KomKonUtb",6,47600,285600,11.75505309,38.47926267
"1380","Halmstad",2022,105148,58985,0.44894137430253,81.1,12.4,"IntGr1KomUtbBAS",6.2,48300,299460,10.2364316,33.92461197
"1380","Halmstad",2023,105796,59140,0.454317825604954,80.6,11.9,"IntGr1KomUtbBAS",5.3,52500,278250,9.87259649,27.27272727
"1381","Laholm",2016,24664,13105,0.293746317650029,80.4,12.8,"IntGr1KomKonUtb",5.5,44300,243650,11.3,44
"1381","Laholm",2017,25147,13287,0.302742441764414,81,12.7,"IntGr1KomKonUtb",5.6,44800,250880,12.7,32.31707317
"1381","Laholm",2018,25491,13292,0.305740878016638,81.4,11.6,"IntGr1KomKonUtb",5.7,45500,259350,9.6,33.51955308
"1381","Laholm",2019,25903,13443,0.309092386446738,81,12,"IntGr1KomKonUtb",5.8,46500,269700,11.2,31.81818182
"1381","Laholm",2020,25967,13417,0.3154296875,81.2,12.7,"IntGr1KomKonUtb",5.8,47300,274340,12.4,33.91304348
"1381","Laholm",2021,26319,13575,0.322126598568326,82,11.9,"IntGr1KomKonUtb",6.1,47600,290360,12.97554348,37.07865169
"1381","Laholm",2022,26575,13675,0.3342094782955,83.8,9.8,"IntGr1KomUtbBAS",6.2,48300,299460,11.59243441,30.50847458
"1381","Laholm",2023,26565,13560,0.343556804496186,83.6,9.5,"IntGr1KomUtbBAS",5.4,52500,283500,10.85198167,
"1382","Falkenberg",2016,43867,23684,0.300675354323219,81.4,12.9,"IntGr1KomKonUtb",5.7,44300,252510,12,44.39461884
"1382","Falkenberg",2017,44195,23662,0.307535930408472,82.4,12.6,"IntGr1KomKonUtb",5.7,44800,255360,11.6,32.82051282
"1382","Falkenberg",2018,44701,23802,0.314228325859492,83.1,12.2,"IntGr1KomKonUtb",5.8,45500,263900,10.3,39.86928105
"1382","Falkenberg",2019,45367,24101,0.318432417531931,83.2,11.9,"IntGr1KomKonUtb",5.9,46500,274350,10.5,41.27906976
"1382","Falkenberg",2020,46051,24408,0.326261986611182,81.7,13.7,"IntGr1KomKonUtb",5.8,47300,274340,12.2,28.5
"1382","Falkenberg",2021,46773,24600,0.335061452513966,83.2,13.3,"IntGr1KomKonUtb",6.1,47600,290360,12.91269811,45.45454546
"1382","Falkenberg",2022,47017,24570,0.346577972230903,84.3,11.1,"IntGr1KomUtbBAS",6.2,48300,299460,11.24863624,44.37086093
"1382","Falkenberg",2023,47108,24602,0.356782348474697,83.7,10.5,"IntGr1KomUtbBAS",5.4,52500,283500,9.65403253,40.82840236
"1383","Varberg",2016,61868,33806,0.378057210573093,84.9,9.5,"IntGr1KomKonUtb",6,44300,265800,11.8,39
"1383","Varberg",2017,62755,34087,0.384949724294518,85.5,9.7,"IntGr1KomKonUtb",6,44800,268800,12.7,38.46153846
"1383","Varberg",2018,63630,34256,0.390916385812871,85.9,9.1,"IntGr1KomKonUtb",6.2,45500,282100,9.3,22.05438067
"1383","Varberg",2019,64601,34592,0.396469056615756,85.4,8.7,"IntGr1KomKonUtb",6.2,46500,288300,10.8,33.25892857
"1383","Varberg",2020,65397,34812,0.403834046839587,84.5,10.1,"IntGr1KomKonUtb",6.2,47300,293260,11.6,38.3363472
"1383","Varberg",2021,66658,35280,0.411248566024866,85.6,9.5,"IntGr1KomKonUtb",6.5,47600,309400,12.25464469,38.36363636
"1383","Varberg",2022,67800,35707,0.426033146463254,86.8,7.6,"IntGr1KomUtbBAS",6.6,48300,318780,12.1494593,54
"1383","Varberg",2023,68325,35866,0.433275298573567,86.3,7.6,"IntGr1KomUtbBAS",5.8,52500,304500,12.05970458,47.07692308
"1384","Kungsbacka",2016,80442,43308,0.473457309762506,87.6,6.7,"IntGr1KomKonUtb",6.7,44300,296810,14.4,36.48648649
"1384","Kungsbacka",2017,81986,44114,0.478105741161207,87.8,6.9,"IntGr1KomKonUtb",6.8,44800,304640,12.7,33.49753695
"1384","Kungsbacka",2018,83348,44706,0.482794218857536,87.3,7,"IntGr1KomKonUtb",6.9,45500,313950,12.4,34.47098977
"1384","Kungsbacka",2019,84395,45140,0.488493343356694,86.8,6.9,"IntGr1KomKonUtb",7,46500,325500,12.2,41.72335601
"1384","Kungsbacka",2020,84930,45355,0.496222874464707,86.2,8.5,"IntGr1KomKonUtb",6.9,47300,326370,13.1,29.27835051
"1384","Kungsbacka",2021,85301,45431,0.505538868196564,87,7.6,"IntGr1KomKonUtb",7.2,47600,342720,13.83407088,31.7617866
"1384","Kungsbacka",2022,85801,45592,0.517536294379761,88.7,6,"IntGr1KomUtbBAS",7.4,48300,357420,12.79394181,42.38875879
"1384","Kungsbacka",2023,85653,45476,0.524966391396197,88,5.6,"IntGr1KomUtbBAS",6.6,52500,346500,10.33827141,39.20972644
"1401","Härryda",2016,37108,20632,0.491765463226222,86.3,7.2,"IntGr1KomKonUtb",6.6,44300,292380,11,44.44444445
"1401","Härryda",2017,37412,20752,0.498783068783069,86.6,6.8,"IntGr1KomKonUtb",6.8,44800,304640,9.7,34.61538462
"1401","Härryda",2018,37802,20923,0.5072615191725,86.8,6.9,"IntGr1KomKonUtb",6.9,45500,313950,10.9,45.45454546
"1401","Härryda",2019,37977,20950,0.514992464792392,86.1,6.9,"IntGr1KomKonUtb",6.9,46500,320850,10.8,48.33333333
"1401","Härryda",2020,38246,21035,0.522358038062819,85.3,9.3,"IntGr1KomKonUtb",7,47300,331100,12.1,43.47826087
"1401","Härryda",2021,39006,21507,0.530831234256927,86.3,8.7,"IntGr1KomKonUtb",7.2,47600,342720,12.61130757,31.54761904
"1401","Härryda",2022,39762,21934,0.546771482250569,87.4,7,"IntGr1KomUtbBAS",7.4,48300,357420,12.16514073,38.19444444
"1401","Härryda",2023,39875,21946,0.555714850701997,86.7,6.8,"IntGr1KomUtbBAS",6.6,52500,346500,11.35939638,30.15075377
"1402","Partille",2016,37316,21147,0.491244775961488,83.8,8.8,"IntGr1KomKonUtb",6.3,44300,279090,11.7,43.87096774
"1402","Partille",2017,37880,21417,0.498601181224744,83.9,8.4,"IntGr1KomKonUtb",6.5,44800,291200,10.5,40.33613445
"1402","Partille",2018,38443,21723,0.508580740438967,83.9,8.2,"IntGr1KomKonUtb",6.6,45500,300300,9.8,35.0877193
"1402","Partille",2019,39289,22303,0.517185104594234,83,8.6,"IntGr1KomKonUtb",6.6,46500,306900,10.9,54
"1402","Partille",2020,39512,22333,0.522243523570761,82,11.5,"IntGr1KomKonUtb",6.6,47300,312180,10.8,34
"1402","Partille",2021,39529,22220,0.534793307086614,82.8,10.9,"IntGr1KomKonUtb",6.9,47600,328440,10.9059363,35.33834586
"1402","Partille",2022,39852,22352,0.547755141921931,84.4,9,"IntGr1KomUtbBAS",7.1,48300,342930,11.8776642,50.46728972
"1402","Partille",2023,40730,22917,0.554297453537815,84.5,8.5,"IntGr1KomUtbBAS",6.2,52500,325500,9.04530877,30.89430894
"1407","Öckerö",2016,12773,6742,0.397350993377483,86.2,5.5,"IntGr1KomKonUtb",6.4,44300,283520,13.8,
"1407","Öckerö",2017,12923,6753,0.401670214507942,86.5,5.5,"IntGr1KomKonUtb",6.5,44800,291200,10.7,
"1407","Öckerö",2018,12945,6729,0.407535373478118,85.7,5.5,"IntGr1KomKonUtb",6.6,45500,300300,10.5,51.21951219
"1407","Öckerö",2019,12916,6671,0.410218253968254,85.8,5.9,"IntGr1KomKonUtb",6.7,46500,311550,10.3,47.36842105
"1407","Öckerö",2020,12934,6651,0.41754617414248,84.9,6.9,"IntGr1KomKonUtb",6.7,47300,316910,14.1,37.14285714
"1407","Öckerö",2021,12902,6591,0.421488973636213,85.2,7,"IntGr1KomKonUtb",6.9,47600,328440,13.04228446,45.65217392
"1407","Öckerö",2022,12800,6488,0.435077027255798,87,5.5,"IntGr1KomUtbBAS",7.1,48300,342930,9.63921785,
"1407","Öckerö",2023,12819,6465,0.449778685733742,86,5,"IntGr1KomUtbBAS",6.4,52500,336000,10.45441873,39.24050633
"1415","Stenungsund",2016,25815,14320,0.396072648245886,85.5,8.1,"IntGr1KomKonUtb",6.4,44300,283520,10.1,30.12048193
"1415","Stenungsund",2017,26224,14521,0.399512789281364,86.1,7.8,"IntGr1KomKonUtb",6.5,44800,291200,10,37.5
"1415","Stenungsund",2018,26503,14649,0.404804940503088,86.2,7.3,"IntGr1KomKonUtb",6.6,45500,300300,9.8,26.08695652
"1415","Stenungsund",2019,26777,14723,0.410112779147061,85.5,7.4,"IntGr1KomKonUtb",6.7,46500,311550,11.3,46.28099174
"1415","Stenungsund",2020,27044,14829,0.415377784355806,84.7,9.6,"IntGr1KomKonUtb",6.7,47300,316910,11.2,14.28571428
"1415","Stenungsund",2021,27556,15085,0.427905961132542,86,9.1,"IntGr1KomKonUtb",7,47600,333200,13.31226065,29.16666667
"1415","Stenungsund",2022,27870,15166,0.438398728231809,87.4,7.1,"IntGr1KomUtbBAS",7.2,48300,347760,12.40319458,25
"1415","Stenungsund",2023,27862,15143,0.446783879603502,87.1,6.8,"IntGr1KomUtbBAS",6.3,52500,330750,8.87822436,23.52941177
"1419","Tjörn",2016,15584,8222,0.37325643776824,85.5,6.8,"IntGr1KomKonUtb",6.2,44300,274660,11.6,
"1419","Tjörn",2017,15790,8228,0.379058009579564,85.9,6.4,"IntGr1KomKonUtb",6.4,44800,286720,13.4,
"1419","Tjörn",2018,15922,8181,0.380685607576364,85.9,6.2,"IntGr1KomKonUtb",6.4,45500,291200,9.7,29.26829268
"1419","Tjörn",2019,16016,8155,0.386091127098321,84.9,7,"IntGr1KomKonUtb",6.4,46500,297600,12.1,34.04255319
"1419","Tjörn",2020,16147,8149,0.391587914281911,84.1,8.2,"IntGr1KomKonUtb",6.5,47300,307450,14.1,23
"1419","Tjörn",2021,16312,8178,0.403195985208663,85.4,7.6,"IntGr1KomKonUtb",6.8,47600,323680,16.29327902,31.11111111
"1419","Tjörn",2022,16275,8048,0.412326739335217,86.8,6.3,"IntGr1KomUtbBAS",7,48300,338100,10.28481013,
"1419","Tjörn",2023,16146,7950,0.416507242415961,85.9,5.8,"IntGr1KomUtbBAS",6.1,52500,320250,10.75884171,
"1421","Orust",2016,15093,7853,0.306119591093684,82.6,8.9,"IntGr1KomKonUtb",5.8,44300,256940,15.3,50
"1421","Orust",2017,15108,7786,0.31547786862137,83.2,8.3,"IntGr1KomKonUtb",5.8,44800,259840,12.6,28.125
"1421","Orust",2018,15110,7714,0.318615581825951,83.3,8.2,"IntGr1KomKonUtb",6,45500,273000,11,6.25
"1421","Orust",2019,15218,7712,0.321940150333286,82.9,7.5,"IntGr1KomKonUtb",6,46500,279000,13,28.94736842
"1421","Orust",2020,15315,7738,0.33206106870229,82.3,9.1,"IntGr1KomKonUtb",6,47300,283800,13.6,30.55555556
"1421","Orust",2021,15345,7654,0.341087483944627,83.3,8.7,"IntGr1KomKonUtb",6.3,47600,299880,14.68090269,28.57142857
"1421","Orust",2022,15415,7639,0.355041416738075,84.7,6.9,"IntGr1KomUtbBAS",6.5,48300,313950,15.06316812,42.42424242
"1421","Orust",2023,15333,7520,0.360998845265589,84.4,6.7,"IntGr1KomUtbBAS",5.7,52500,299250,9.83009709,36.36363637
"1427","Sotenäs",2016,9065,4668,0.297540208136235,81.9,8.7,"IntGr1KomKonUtb",5.7,44300,252510,15,31.11111111
"1427","Sotenäs",2017,9073,4630,0.301227573182247,82.2,9.5,"IntGr1KomKonUtb",5.8,44800,259840,13.9,38
"1427","Sotenäs",2018,9030,4581,0.309177592371871,82.5,8.7,"IntGr1KomKonUtb",5.9,45500,268450,15,31.37254902
"1427","Sotenäs",2019,9061,4556,0.31688622754491,81.4,8.2,"IntGr1KomKonUtb",6,46500,279000,13.8,22.01257862
"1427","Sotenäs",2020,9100,4549,0.321814254859611,81.2,10.8,"IntGr1KomKonUtb",6.1,47300,288530,15.9,18.82352941
"1427","Sotenäs",2021,9125,4512,0.324004825090471,81.9,11.1,"IntGr1KomKonUtb",6.2,47600,295120,15.91289782,22.36842105
"1427","Sotenäs",2022,9160,4495,0.330335439961108,85.1,8,"IntGr1KomUtbBAS",6.5,48300,313950,16.48925068,25.67567568
"1427","Sotenäs",2023,9052,4410,0.332270720941638,85.2,7.8,"IntGr1KomUtbBAS",5.7,52500,299250,11.75236097,18.30985915
"1430","Munkedal",2016,10361,5540,0.245786516853933,79.7,12,"IntGr1KomKonUtb",5.4,44300,239220,9.3,
"1430","Munkedal",2017,10423,5506,0.246945724013619,80.4,11.6,"IntGr1KomKonUtb",5.5,44800,246400,9.8,27.86885246
"1430","Munkedal",2018,10503,5495,0.252340171280621,80.4,11.6,"IntGr1KomKonUtb",5.6,45500,254800,8.8,29.31034483
"1430","Munkedal",2019,10513,5496,0.25756664662257,80.2,10.8,"IntGr1KomKonUtb",5.6,46500,260400,10.9,
"1430","Munkedal",2020,10582,5525,0.259675155404051,79,13.7,"IntGr1KomKonUtb",5.7,47300,269610,9.4,56
"1430","Munkedal",2021,10588,5533,0.262103174603175,80.7,12.9,"IntGr1KomKonUtb",5.9,47600,280840,9.5365568,46.15384615
"1430","Munkedal",2022,10578,5510,0.274965257097479,83.7,10.6,"IntGr1KomUtbBAS",6.2,48300,299460,12.18291055,47.16981132
"1430","Munkedal",2023,10502,5458,0.286201363818692,83.2,9.6,"IntGr1KomUtbBAS",5.4,52500,283500,8.00667223,46.25
"1435","Tanum",2016,12606,6623,0.299113860558435,80.2,9.9,"IntGr1KomKonUtb",5.6,44300,248080,14.2,33.33333333
"1435","Tanum",2017,12763,6628,0.302979856833694,79.9,10.6,"IntGr1KomKonUtb",5.6,44800,250880,12.6,72
"1435","Tanum",2018,12873,6561,0.310160427807487,80.2,10.3,"IntGr1KomKonUtb",5.7,45500,259350,12.9,
"1435","Tanum",2019,12841,6530,0.3110183639399,80.6,9.7,"IntGr1KomKonUtb",5.8,46500,269700,13,39.28571429
"1435","Tanum",2020,12912,6564,0.315658244680851,79.4,11.7,"IntGr1KomKonUtb",5.9,47300,279070,12.7,13.1147541
"1435","Tanum",2021,12965,6515,0.31997327989312,81.2,11.7,"IntGr1KomKonUtb",6.1,47600,290360,14.64108031,
"1435","Tanum",2022,13013,6504,0.328530742167867,84.9,9,"IntGr1KomUtbBAS",6.3,48300,304290,14.52784504,
"1435","Tanum",2023,12865,6371,0.332368465860719,84,8.6,"IntGr1KomUtbBAS",5.5,52500,288750,9.981463,
"1438","Dals-Ed",2016,4777,2494,0.242166517457475,75.5,11.4,"IntGr1KomKonUtb",5,44300,221500,12.5,47.43589744
"1438","Dals-Ed",2017,4763,2474,0.24027149321267,77.7,11.2,"IntGr1KomKonUtb",5.2,44800,232960,12.3,34.95145631
"1438","Dals-Ed",2018,4806,2476,0.24413357400722,79,9.7,"IntGr1KomKonUtb",5.3,45500,241150,9,58.33333333
"1438","Dals-Ed",2019,4813,2475,0.253267237494367,77.9,9.9,"IntGr1KomKonUtb",5.3,46500,246450,5.6,52.27272728
"1438","Dals-Ed",2020,4761,2438,0.260473588342441,78.2,11.1,"IntGr1KomKonUtb",5.6,47300,264880,9.3,62.5
"1438","Dals-Ed",2021,4756,2422,0.262635379061372,78.9,10.9,"IntGr1KomKonUtb",5.8,47600,276080,11.38519924,60
"1438","Dals-Ed",2022,4650,2361,0.274518790100825,81.2,9.4,"IntGr1KomUtbBAS",6,48300,289800,11.40250855,73.91304348
"1438","Dals-Ed",2023,4606,2333,0.285714285714286,80.9,8,"IntGr1KomUtbBAS",5.2,52500,273000,7.80031201,39.13043478
"1439","Färgelanda",2016,6627,3518,0.22816,78.8,13,"IntGr1KomKonUtb",5.4,44300,239220,9.6,
"1439","Färgelanda",2017,6592,3471,0.230695596681557,80.6,13.6,"IntGr1KomKonUtb",5.6,44800,250880,11.8,
"1439","Färgelanda",2018,6602,3475,0.22912683237731,80,12.4,"IntGr1KomKonUtb",5.6,45500,254800,9.2,
"1439","Färgelanda",2019,6637,3464,0.23135512535703,79.1,12.9,"IntGr1KomKonUtb",5.7,46500,265050,6.6,34.04255319
"1439","Färgelanda",2020,6658,3461,0.235331430383762,78.1,14.7,"IntGr1KomKonUtb",5.7,47300,269610,9.8,17.46031746
"1439","Färgelanda",2021,6576,3436,0.238140719516078,79.4,14.1,"IntGr1KomKonUtb",5.9,47600,280840,13.15789474,5
"1439","Färgelanda",2022,6512,3377,0.251203079884504,81.4,11.1,"IntGr1KomUtbBAS",6.1,48300,294630,8.3490439,
"1439","Färgelanda",2023,6434,3321,0.255715218811234,81.2,10.8,"IntGr1KomUtbBAS",5.3,52500,278250,6.29447181,
"1440","Ale",2016,29549,16674,0.345387453874539,84.3,9.1,"IntGr1KomKonUtb",6.1,44300,270230,9.3,
"1440","Ale",2017,30223,17015,0.358131939908557,85,9.1,"IntGr1KomKonUtb",6.2,44800,277760,9.5,
"1440","Ale",2018,30926,17357,0.367857825339194,85,8.6,"IntGr1KomKonUtb",6.3,45500,286650,8.9,54.63917526
"1440","Ale",2019,31402,17585,0.380203109327984,84.8,8.7,"IntGr1KomKonUtb",6.4,46500,297600,10.5,44.13793104
"1440","Ale",2020,31868,17891,0.387777641428396,83.5,11,"IntGr1KomKonUtb",6.3,47300,297990,10.4,50.4
"1440","Ale",2021,32148,17872,0.395132119428606,84.9,10.2,"IntGr1KomKonUtb",6.6,47600,314160,9.90658043,33.88429752
"1440","Ale",2022,32394,18068,0.407625523647623,86.6,8,"IntGr1KomUtbBAS",6.8,48300,328440,10.17158122,50
"1440","Ale",2023,32446,18078,0.415258855585831,86.1,7.8,"IntGr1KomUtbBAS",5.9,52500,309750,10.26787984,38.85714286
"1441","Lerum",2016,40692,22029,0.466310640846476,87.1,6.5,"IntGr1KomKonUtb",6.6,44300,292380,10.1,49
"1441","Lerum",2017,41510,22412,0.471037181996086,87.1,6.5,"IntGr1KomKonUtb",6.7,44800,300160,11.1,45.37815127
"1441","Lerum",2018,42137,22666,0.479508196721312,87.1,6.5,"IntGr1KomKonUtb",6.8,45500,309400,11,51.68539326
"1441","Lerum",2019,42568,22859,0.488553987027852,86.5,6.9,"IntGr1KomKonUtb",6.8,46500,316200,10.8,36.92307692
"1441","Lerum",2020,43020,23022,0.498489283353791,85.7,9.4,"IntGr1KomKonUtb",6.8,47300,321640,12.8,45.28301886
"1441","Lerum",2021,43399,23135,0.511253567919143,86.7,8.4,"IntGr1KomKonUtb",7.1,47600,337960,12.87318543,44.24778761
"1441","Lerum",2022,43536,23231,0.525139925373134,88.5,6.7,"IntGr1KomUtbBAS",7.3,48300,352590,12.84058879,53.75
"1441","Lerum",2023,43706,23301,0.534606981824943,88.2,6.5,"IntGr1KomUtbBAS",6.5,52500,341250,10.4636689,54.41176471
"1442","Vårgårda",2016,11295,6226,0.293285586392122,83.8,9.8,"IntGr1KomKonUtb",5.7,44300,252510,7,7.17948718
"1442","Vårgårda",2017,11490,6283,0.30044286979628,84.5,10.4,"IntGr1KomKonUtb",5.8,44800,259840,12.3,35.86956522
"1442","Vårgårda",2018,11658,6339,0.309649122807018,84.5,10.2,"IntGr1KomKonUtb",5.9,45500,268450,9.9,19.67213115
"1442","Vårgårda",2019,11810,6410,0.313236313236313,84.5,10.6,"IntGr1KomKonUtb",6,46500,279000,8.6,18.18181818
"1442","Vårgårda",2020,11946,6459,0.317679087970053,83.4,12.2,"IntGr1KomKonUtb",5.9,47300,279070,10.8,37.5
"1442","Vårgårda",2021,12180,6561,0.325686537173476,84.7,12,"IntGr1KomKonUtb",6.2,47600,295120,13.2152397,36.48648648
"1442","Vårgårda",2022,12268,6605,0.333833083458271,85.9,9.6,"IntGr1KomUtbBAS",6.4,48300,309120,11.39561058,47.91666667
"1442","Vårgårda",2023,12384,6647,0.339022369511185,85.6,9,"IntGr1KomUtbBAS",5.6,52500,294000,10.02087683,58.66666667
"1443","Bollebygd",2016,9102,4952,0.346758132330162,86.3,8,"IntGr1KomKonUtb",6.1,44300,270230,10.6,20
"1443","Bollebygd",2017,9262,5005,0.359531046461138,86.3,8.2,"IntGr1KomKonUtb",6.3,44800,282240,10.9,51.06382979
"1443","Bollebygd",2018,9427,5065,0.369560557341908,86.9,8.2,"IntGr1KomKonUtb",6.4,45500,291200,8.7,38.46153846
"1443","Bollebygd",2019,9495,5075,0.378038379530917,86.1,8.3,"IntGr1KomKonUtb",6.4,46500,297600,13,50
"1443","Bollebygd",2020,9544,5044,0.381536475145255,85.2,9.9,"IntGr1KomKonUtb",6.5,47300,307450,12.3,41.17647059
"1443","Bollebygd",2021,9634,5096,0.395691126279863,87.4,9.9,"IntGr1KomKonUtb",6.7,47600,318920,11.17519827,37.83783784
"1443","Bollebygd",2022,9703,5138,0.407228409329691,88.5,7.2,"IntGr1KomUtbBAS",6.9,48300,333270,9.16442049,46.66666666
"1443","Bollebygd",2023,9733,5191,0.410747760883149,88.1,6.7,"IntGr1KomUtbBAS",6.1,52500,320250,9.59317818,32.78688525
"1444","Grästorp",2016,5721,3083,0.27891156462585,82.8,10.7,"IntGr1KomKonUtb",5.6,44300,248080,9.9,75
"1444","Grästorp",2017,5750,3051,0.287043664996421,83.6,9.8,"IntGr1KomKonUtb",5.8,44800,259840,10.3,27.77777778
"1444","Grästorp",2018,5731,3053,0.293208767517068,83.8,9.4,"IntGr1KomKonUtb",5.8,45500,263900,9.6,57.89473685
"1444","Grästorp",2019,5693,3035,0.298284045271997,83.9,9.6,"IntGr1KomKonUtb",5.9,46500,274350,7,64.86486487
"1444","Grästorp",2020,5685,3003,0.306963179001094,83.5,10.2,"IntGr1KomKonUtb",5.9,47300,279070,18,63.63636363
"1444","Grästorp",2021,5730,3021,0.31359011627907,83.7,9.4,"IntGr1KomKonUtb",6.1,47600,290360,14.80567551,55.55555556
"1444","Grästorp",2022,5646,2947,0.327528714338644,86.2,7.2,"IntGr1KomUtbBAS",6.3,48300,304290,9.82499232,50
"1444","Grästorp",2023,5563,2902,0.330832708177044,85.4,7.5,"IntGr1KomUtbBAS",5.5,52500,288750,11.58784842,31.42857143
"1445","Essunga",2016,5620,2963,0.237649700598802,82,9.3,"IntGr1KomKonUtb",5.5,44300,243650,8.6,20
"1445","Essunga",2017,5647,2924,0.239970003749531,83.3,9.2,"IntGr1KomKonUtb",5.6,44800,250880,12.4,31.42857143
"1445","Essunga",2018,5671,2919,0.247933884297521,82.8,9.5,"IntGr1KomKonUtb",5.7,45500,259350,11.4,45
"1445","Essunga",2019,5654,2900,0.24971666037023,82.3,11.7,"IntGr1KomKonUtb",5.7,46500,265050,11.7,50
"1445","Essunga",2020,5687,2914,0.254565784569512,81.4,12.6,"IntGr1KomKonUtb",5.7,47300,269610,13.1,
"1445","Essunga",2021,5698,2881,0.254600075103267,82.3,12,"IntGr1KomKonUtb",6,47600,285600,11.50527325,
"1445","Essunga",2022,5717,2893,0.270341207349081,84.3,9.6,"IntGr1KomUtbBAS",6.1,48300,294630,9.64010283,
"1445","Essunga",2023,5656,2864,0.275757575757576,83.5,8.8,"IntGr1KomUtbBAS",5.3,52500,278250,8.34670947,
"1446","Karlsborg",2016,6913,3595,0.33053743398571,80.7,11.8,"IntGr1KomKonUtb",5.6,44300,248080,7.6,
"1446","Karlsborg",2017,6954,3539,0.331775700934579,82.3,11,"IntGr1KomKonUtb",5.8,44800,259840,9.6,
"1446","Karlsborg",2018,6941,3484,0.333856783919598,83.8,9.9,"IntGr1KomKonUtb",5.9,45500,268450,7.4,21.42857143
"1446","Karlsborg",2019,6940,3479,0.33859759949463,81,9.2,"IntGr1KomKonUtb",5.9,46500,274350,13.9,
"1446","Karlsborg",2020,6962,3499,0.343828715365239,80.5,11.3,"IntGr1KomKonUtb",5.9,47300,279070,11,
"1446","Karlsborg",2021,6965,3499,0.348953452046236,81.8,9.4,"IntGr1KomKonUtb",6.2,47600,295120,13.25556734,
"1446","Karlsborg",2022,7057,3552,0.359229334990677,82.6,7.8,"IntGr1KomUtbBAS",6.3,48300,304290,10.84369214,41.66666667
"1446","Karlsborg",2023,7061,3555,0.367404175755687,81,7,"IntGr1KomUtbBAS",5.6,52500,294000,9.13361169,
"1447","Gullspång",2016,5307,2725,0.221816707218167,72.6,17.9,"IntGr1KomKonUtb",5.2,44300,230360,6.5,26.31578948
"1447","Gullspång",2017,5280,2669,0.221130221130221,73.8,16.2,"IntGr1KomKonUtb",5.2,44800,232960,7.8,66.66666667
"1447","Gullspång",2018,5293,2637,0.222405952873088,75.1,15.7,"IntGr1KomKonUtb",5.4,45500,245700,8,33.33333333
"1447","Gullspång",2019,5280,2630,0.223150856665274,75.8,16.1,"IntGr1KomKonUtb",5.4,46500,251100,5.9,100
"1447","Gullspång",2020,5169,2550,0.224437844717862,75.3,16.6,"IntGr1KomKonUtb",5.4,47300,255420,4.6,36.11111112
"1447","Gullspång",2021,5206,2530,0.227583262169086,76.4,16,"IntGr1KomKonUtb",5.6,47600,266560,6.21345029,36.36363637
"1447","Gullspång",2022,5194,2496,0.24695652173913,77.5,14.5,"IntGr1KomUtbBAS",5.8,48300,280140,7.97968807,35
"1447","Gullspång",2023,5119,2417,0.252007136485281,76.3,13.1,"IntGr1KomUtbBAS",5.1,52500,267750,8.1300813,41.66666666
"1452","Tranemo",2016,11776,6270,0.249380969225327,84,9.6,"IntGr1KomKonUtb",5.8,44300,256940,8.7,41.25
"1452","Tranemo",2017,11841,6250,0.257497781721384,84.6,9,"IntGr1KomKonUtb",5.8,44800,259840,8,43.29896908
"1452","Tranemo",2018,11874,6227,0.261168991700512,84.5,8.5,"IntGr1KomKonUtb",5.9,45500,268450,8.5,43.29896908
"1452","Tranemo",2019,11936,6297,0.267319804058782,83.3,9,"IntGr1KomKonUtb",5.9,46500,274350,9.5,37
"1452","Tranemo",2020,11885,6249,0.274929775280899,84.3,10.3,"IntGr1KomKonUtb",5.9,47300,279070,9.7,18.57142857
"1452","Tranemo",2021,11937,6235,0.279880302763598,85.1,9.9,"IntGr1KomKonUtb",6.2,47600,295120,12.14454976,22.35294118
"1452","Tranemo",2022,11940,6237,0.290333919156415,86.5,7.9,"IntGr1KomUtbBAS",6.4,48300,309120,8.42696629,27.16049383
"1452","Tranemo",2023,11883,6151,0.297094991980039,84.6,7.9,"IntGr1KomUtbBAS",5.5,52500,288750,9.00767868,37.37373737
"1460","Bengtsfors",2016,9940,5151,0.241739130434783,71.6,18.3,"IntGr1KomKonUtb",5.1,44300,225930,10.2,61.78343949
"1460","Bengtsfors",2017,9905,5076,0.247092385341233,73.2,18.2,"IntGr1KomKonUtb",5.2,44800,232960,7.3,55.90551181
"1460","Bengtsfors",2018,9846,5022,0.250774679061532,74.9,17.3,"IntGr1KomKonUtb",5.3,45500,241150,10.5,23.96694215
"1460","Bengtsfors",2019,9750,4924,0.253932584269663,74.7,16.7,"IntGr1KomKonUtb",5.4,46500,251100,11.7,28.16901408
"1460","Bengtsfors",2020,9591,4847,0.264900662251656,73,17.9,"IntGr1KomKonUtb",5.5,47300,260150,11.4,34.82142857
"1460","Bengtsfors",2021,9409,4737,0.270427112349118,74.6,15.8,"IntGr1KomKonUtb",5.8,47600,276080,11.29503408,36
"1460","Bengtsfors",2022,9255,4642,0.27829967120714,78.2,13.1,"IntGr1KomUtbBAS",6,48300,289800,9.36402653,43.44262295
"1460","Bengtsfors",2023,9138,4574,0.283571428571429,77.8,11,"IntGr1KomUtbBAS",5.2,52500,273000,9.54843843,65.51724138
"1461","Mellerud",2016,9323,4913,0.253152946571887,72.4,17.6,"IntGr1KomKonUtb",5,44300,221500,11.3,28.57142857
"1461","Mellerud",2017,9377,4808,0.25993031358885,74.7,17.5,"IntGr1KomKonUtb",5.1,44800,228480,10.8,17.85714286
"1461","Mellerud",2018,9354,4777,0.26764500349406,76.4,15.9,"IntGr1KomKonUtb",5.3,45500,241150,9.5,20.72829132
"1461","Mellerud",2019,9310,4748,0.267877940833916,76,16,"IntGr1KomKonUtb",5.4,46500,251100,8.7,21.10091743
"1461","Mellerud",2020,9312,4723,0.271561771561772,76.4,18,"IntGr1KomKonUtb",5.5,47300,260150,11.1,21.20253164
"1461","Mellerud",2021,9268,4693,0.28248192209004,77,16.3,"IntGr1KomKonUtb",5.7,47600,271320,13.13983134,
"1461","Mellerud",2022,9263,4676,0.288330594036159,78.6,14.8,"IntGr1KomUtbBAS",5.8,48300,280140,10.78854453,42.6395939
"1461","Mellerud",2023,9165,4618,0.292468519838441,78.3,12.7,"IntGr1KomUtbBAS",5,52500,262500,8.32177531,57.42574258
"1462","Lilla Edet",2016,13728,7870,0.25285734443347,79.7,11.7,"IntGr1KomKonUtb",5.7,44300,252510,8,20.83333333
"1462","Lilla Edet",2017,13961,7990,0.259947317343685,80.7,11.4,"IntGr1KomKonUtb",5.8,44800,259840,8.9,4.54545455
"1462","Lilla Edet",2018,14046,8007,0.27015519846175,81.4,10.2,"IntGr1KomKonUtb",6,45500,273000,10.2,26.66666667
"1462","Lilla Edet",2019,14109,7971,0.277831292142562,81.8,10.2,"IntGr1KomKonUtb",6,46500,279000,10,33.33333333
"1462","Lilla Edet",2020,14282,8025,0.285168508664211,80.7,12.8,"IntGr1KomKonUtb",6,47300,283800,9.6,16.12903226
"1462","Lilla Edet",2021,14509,8133,0.292869611924265,81.3,12.4,"IntGr1KomKonUtb",6.2,47600,295120,10.45136097,22.72727273
"1462","Lilla Edet",2022,14428,8000,0.301299404439632,83.3,10,"IntGr1KomUtbBAS",6.4,48300,309120,9.85899347,42.42424242
"1462","Lilla Edet",2023,14426,7958,0.307577606072929,82.8,9.4,"IntGr1KomUtbBAS",5.6,52500,294000,9.54154061,
"1463","Mark",2016,34218,18559,0.296010140641033,82.8,9.4,"IntGr1KomKonUtb",5.7,44300,252510,9.8,
"1463","Mark",2017,34484,18627,0.301081694854479,83.2,9,"IntGr1KomKonUtb",5.7,44800,255360,10.3,26.08695652
"1463","Mark",2018,34781,18679,0.305709894786618,83.2,9.1,"IntGr1KomKonUtb",5.8,45500,263900,9.3,23.23943662
"1463","Mark",2019,34754,18609,0.312703583061889,82.9,9.3,"IntGr1KomKonUtb",5.9,46500,274350,9.1,23.65591397
"1463","Mark",2020,34896,18644,0.31595381171203,82.4,11,"IntGr1KomKonUtb",5.9,47300,279070,10.6,31.57894736
"1463","Mark",2021,35201,18715,0.328520279391912,83.8,10.4,"IntGr1KomKonUtb",6.1,47600,290360,10.47867369,26.81992337
"1463","Mark",2022,35329,18742,0.33935250116877,84.8,8.1,"IntGr1KomUtbBAS",6.3,48300,304290,10.5108055,34.76190476
"1463","Mark",2023,35287,18736,0.348308698954256,84,8.4,"IntGr1KomUtbBAS",5.5,52500,288750,10.22855185,30.05780347
"1465","Svenljunga",2016,10679,5691,0.211937377690802,80.3,11.2,"IntGr1KomKonUtb",5.5,44300,243650,11.4,38.57142858
"1465","Svenljunga",2017,10659,5644,0.215967045900353,81,10.2,"IntGr1KomKonUtb",5.6,44800,250880,10.8,40.19607843
"1465","Svenljunga",2018,10683,5607,0.223892250634394,81.5,9.5,"IntGr1KomKonUtb",5.6,45500,254800,8.3,31.86813187
"1465","Svenljunga",2019,10780,5636,0.228808650318594,81.1,9.2,"IntGr1KomKonUtb",5.6,46500,260400,8.2,30
"1465","Svenljunga",2020,10751,5583,0.240116279069767,80.5,11.5,"IntGr1KomKonUtb",5.7,47300,269610,11.9,37.36263737
"1465","Svenljunga",2021,10864,5655,0.248310484649546,81.6,11.7,"IntGr1KomKonUtb",5.9,47600,280840,10.54539463,25.2631579
"1465","Svenljunga",2022,10816,5597,0.263897015798713,82.7,9.4,"IntGr1KomUtbBAS",6,48300,289800,10.83743842,26.47058824
"1465","Svenljunga",2023,10759,5503,0.265511128619263,82.2,9,"IntGr1KomUtbBAS",5.2,52500,273000,10.92353525,35.64356436
"1466","Herrljunga",2016,9486,5157,0.268383155138556,81.5,9.5,"IntGr1KomKonUtb",5.6,44300,248080,8.1,22.53521127
"1466","Herrljunga",2017,9485,5116,0.273775843307943,82.5,9.5,"IntGr1KomKonUtb",5.7,44800,255360,8.6,80
"1466","Herrljunga",2018,9494,5079,0.278312199387844,82.1,9.2,"IntGr1KomKonUtb",5.8,45500,263900,8.5,
"1466","Herrljunga",2019,9464,5092,0.283650689428759,82.5,9.6,"IntGr1KomKonUtb",5.8,46500,269700,8.5,21.62162162
"1466","Herrljunga",2020,9444,5058,0.285182753337711,82.3,10.9,"IntGr1KomKonUtb",5.8,47300,274340,10,20.68965517
"1466","Herrljunga",2021,9501,5041,0.295663600525624,82.9,10,"IntGr1KomKonUtb",6,47600,285600,13.23529412,21.95121951
"1466","Herrljunga",2022,9517,5034,0.303129787699716,84.3,8.2,"IntGr1KomUtbBAS",6.1,48300,294630,9.19286634,41.02564103
"1466","Herrljunga",2023,9441,5015,0.313472070098576,83.8,7.8,"IntGr1KomUtbBAS",5.4,52500,283500,11.07419712,30
"1470","Vara",2016,15788,8643,0.246670976082741,80.5,11,"IntGr1KomKonUtb",5.5,44300,243650,12.7,
"1470","Vara",2017,15942,8699,0.250606408783352,80.8,9.8,"IntGr1KomKonUtb",5.6,44800,250880,11.5,44.73684211
"1470","Vara",2018,15952,8668,0.253689567430025,81.6,9.3,"IntGr1KomKonUtb",5.7,45500,259350,9.9,40.90909091
"1470","Vara",2019,16024,8655,0.259545858175821,80.7,9.3,"IntGr1KomKonUtb",5.8,46500,269700,9,22.47191011
"1470","Vara",2020,16096,8631,0.265617064499746,80,10.9,"IntGr1KomKonUtb",5.7,47300,269610,11.8,
"1470","Vara",2021,16162,8627,0.268956743002545,81.5,10.2,"IntGr1KomKonUtb",5.9,47600,280840,12.8314799,47.72727272
"1470","Vara",2022,16163,8600,0.276772055073942,82.4,9.5,"IntGr1KomUtbBAS",6.1,48300,294630,10.81023226,48.48484848
"1470","Vara",2023,16066,8506,0.280097648721573,83,8.8,"IntGr1KomUtbBAS",5.3,52500,278250,9.42587832,35.48387096
"1471","Götene",2016,13275,7101,0.286047234307023,82.2,11.3,"IntGr1KomKonUtb",5.6,44300,248080,9,
"1471","Götene",2017,13242,7036,0.294457455113193,83.3,11,"IntGr1KomKonUtb",5.8,44800,259840,7.6,
"1471","Götene",2018,13232,6965,0.300833464381192,83.9,10.7,"IntGr1KomKonUtb",5.8,45500,263900,8.8,
"1471","Götene",2019,13207,6908,0.30435466121679,84.1,10.3,"IntGr1KomKonUtb",5.9,46500,274350,7.5,
"1471","Götene",2020,13194,6868,0.309856940732589,83.2,11.5,"IntGr1KomKonUtb",5.8,47300,274340,8.5,35.11450382
"1471","Götene",2021,13263,6851,0.315946115288221,84.2,10.9,"IntGr1KomKonUtb",6.1,47600,290360,13.07101469,
"1471","Götene",2022,13275,6852,0.327765521588402,86.1,8.7,"IntGr1KomUtbBAS",6.3,48300,304290,12.34899329,
"1471","Götene",2023,13218,6779,0.330847350047604,85.1,8,"IntGr1KomUtbBAS",5.5,52500,288750,11.84068891,
"1472","Tibro",2016,11070,5901,0.269826283987915,77.1,16.7,"IntGr1KomKonUtb",5.4,44300,239220,9.1,
"1472","Tibro",2017,11110,5904,0.273035613340871,79.3,16,"IntGr1KomKonUtb",5.6,44800,250880,8.1,81.11111112
"1472","Tibro",2018,11168,5948,0.282414307004471,79.6,14.9,"IntGr1KomKonUtb",5.7,45500,259350,9,44.57831326
"1472","Tibro",2019,11240,5948,0.28550185873606,79,14.9,"IntGr1KomKonUtb",5.7,46500,265050,7.7,35
"1472","Tibro",2020,11297,5970,0.286877660558949,77.7,17.4,"IntGr1KomKonUtb",5.7,47300,269610,8.9,57.14285714
"1472","Tibro",2021,11281,5924,0.290784095131921,79.8,16.5,"IntGr1KomKonUtb",5.9,47600,280840,9.51489627,37.5
"1472","Tibro",2022,11399,5968,0.298452468680914,81.5,12.9,"IntGr1KomUtbBAS",6.1,48300,294630,11.52827543,50
"1472","Tibro",2023,11332,5919,0.307919512645376,82.2,11.3,"IntGr1KomUtbBAS",5.3,52500,278250,7.24525975,47.27272728
"1473","Töreboda",2016,9435,5079,0.259785698666084,74.5,17.4,"IntGr1KomKonUtb",5.2,44300,230360,6.8,21.14285714
"1473","Töreboda",2017,9414,4990,0.261398849048251,75.6,16.3,"IntGr1KomKonUtb",5.3,44800,237440,7.8,78.6163522
"1473","Töreboda",2018,9312,4942,0.267773043283247,77.3,14.9,"IntGr1KomKonUtb",5.4,45500,245700,8.5,61.72839506
"1473","Töreboda",2019,9293,4936,0.271418934112885,76.9,15.1,"IntGr1KomKonUtb",5.4,46500,251100,8.2,74.61538462
"1473","Töreboda",2020,9281,4934,0.273442770407016,76.6,15.8,"IntGr1KomKonUtb",5.4,47300,255420,8.8,85.36585366
"1473","Töreboda",2021,9207,4827,0.282256222881937,78,15.2,"IntGr1KomKonUtb",5.7,47600,271320,10.72386059,54.48275862
"1473","Töreboda",2022,9186,4777,0.290076335877863,79.7,12.4,"IntGr1KomUtbBAS",5.9,48300,284970,8.78701051,61.9047619
"1473","Töreboda",2023,9141,4702,0.293379790940767,79.7,10.3,"IntGr1KomUtbBAS",5.1,52500,267750,8.88030888,37.20930233
"1480","Göteborg",2016,556640,350993,0.52236360692893,75.9,12.8,"IntGr1KomKonUtb",5.6,44300,248080,12.9,54.87179487
"1480","Göteborg",2017,564039,354979,0.526717095310136,76.5,12.5,"IntGr1KomKonUtb",5.7,44800,255360,12.1,
"1480","Göteborg",2018,571868,358966,0.534712302333158,76.8,12.1,"IntGr1KomKonUtb",5.8,45500,263900,11.4,43.39622642
"1480","Göteborg",2019,579281,363512,0.540104989143308,76.7,12.1,"IntGr1KomKonUtb",5.9,46500,274350,11.7,40.91690545
"1480","Göteborg",2020,583056,365398,0.547025711149674,75,15.6,"IntGr1KomKonUtb",5.9,47300,279070,12.8,39.10991234
"1480","Göteborg",2021,587549,367578,0.550800407991254,76.8,14.9,"IntGr1KomKonUtb",6.1,47600,290360,13.45848486,47.5626741
"1480","Göteborg",2022,596841,374381,0.562219864061734,78.6,12.3,"IntGr1KomUtbBAS",6.3,48300,304290,12.45614394,46.76882078
"1480","Göteborg",2023,604616,380275,0.56967292117071,78.4,11.9,"IntGr1KomUtbBAS",5.4,52500,283500,11.38059655,39.60629921
"1481","Mölndal",2016,64465,37989,0.523644582734024,84.1,7.9,"IntGr1KomKonUtb",6.3,44300,279090,10.7,32.9317269
"1481","Mölndal",2017,66121,39112,0.532645755199455,84.2,8,"IntGr1KomKonUtb",6.4,44800,286720,10.5,27.45098039
"1481","Mölndal",2018,68152,40630,0.542691751085384,84.4,7.7,"IntGr1KomKonUtb",6.5,45500,295750,9.7,41.98895027
"1481","Mölndal",2019,69364,41540,0.552235244206396,84.1,7.6,"IntGr1KomKonUtb",6.6,46500,306900,10.7,37.20930232
"1481","Mölndal",2020,69901,41759,0.561541093186663,83.1,10.2,"IntGr1KomKonUtb",6.6,47300,312180,10.7,31.90184049
"1481","Mölndal",2021,69943,41635,0.570939811037714,84,9.5,"IntGr1KomKonUtb",6.9,47600,328440,12.5984252,27.54716981
"1481","Mölndal",2022,70109,41733,0.584803754489919,85.8,7.6,"IntGr1KomUtbBAS",7.1,48300,342930,10.57906459,35.1744186
"1481","Mölndal",2023,70534,41990,0.591270980709494,85.6,7.4,"IntGr1KomUtbBAS",6.2,52500,325500,9.52909818,26.79558011
"1482","Kungälv",2016,43289,23960,0.40478624535316,86.6,6.5,"IntGr1KomKonUtb",6.3,44300,279090,10.5,45.96774193
"1482","Kungälv",2017,44110,24402,0.409568684305908,86.6,6.6,"IntGr1KomKonUtb",6.5,44800,291200,10.2,24.32432433
"1482","Kungälv",2018,45086,24932,0.415456155890168,86.7,7.2,"IntGr1KomKonUtb",6.6,45500,300300,10.5,
"1482","Kungälv",2019,46336,25761,0.422413056481244,85.9,7.4,"IntGr1KomKonUtb",6.6,46500,306900,11.8,52.13675214
"1482","Kungälv",2020,47050,26068,0.431505986137366,84.8,9.6,"IntGr1KomKonUtb",6.6,47300,312180,12.4,37.32394366
"1482","Kungälv",2021,48271,26756,0.439949327775735,86,9.1,"IntGr1KomKonUtb",6.8,47600,323680,12.45057918,34.14634146
"1482","Kungälv",2022,49068,27106,0.454010953608248,87.3,7.4,"IntGr1KomUtbBAS",7,48300,338100,10.74674315,36.36363636
"1482","Kungälv",2023,49785,27503,0.464892097746747,87.3,6.8,"IntGr1KomUtbBAS",6.2,52500,325500,10.40993366,19.23076923
"1484","Lysekil",2016,14570,7606,0.313685439159615,78.4,11.7,"IntGr1KomKonUtb",5.6,44300,248080,8.6,
"1484","Lysekil",2017,14621,7545,0.316472303206997,78.9,11.2,"IntGr1KomKonUtb",5.7,44800,255360,9.4,
"1484","Lysekil",2018,14611,7427,0.321978672985782,79.6,11.2,"IntGr1KomKonUtb",5.8,45500,263900,8.2,25.40983607
"1484","Lysekil",2019,14555,7338,0.322537112010796,78.7,11.6,"IntGr1KomKonUtb",5.8,46500,269700,7,40.38461539
"1484","Lysekil",2020,14366,7172,0.32810835489271,78,13.3,"IntGr1KomKonUtb",5.9,47300,279070,10.7,35.11450382
"1484","Lysekil",2021,14266,7055,0.340298048855431,79.8,13,"IntGr1KomKonUtb",6.2,47600,295120,10.52631579,42.06349207
"1484","Lysekil",2022,14170,6971,0.348826364060314,81.9,10.8,"IntGr1KomUtbBAS",6.3,48300,304290,11.08325637,49.28571428
"1484","Lysekil",2023,13969,6772,0.355238095238095,82,9.2,"IntGr1KomUtbBAS",5.5,52500,288750,8.37765957,27.38853504
"1485","Uddevalla",2016,55164,30846,0.371297317162808,78.9,14.3,"IntGr1KomKonUtb",5.6,44300,248080,11.2,
"1485","Uddevalla",2017,55763,31075,0.376656861677016,79.5,14.6,"IntGr1KomKonUtb",5.7,44800,255360,11.2,44.50261781
"1485","Uddevalla",2018,56259,31174,0.382952794006954,79.5,14.4,"IntGr1KomKonUtb",5.8,45500,263900,9.5,32.68698061
"1485","Uddevalla",2019,56703,31260,0.388589958308093,79.2,14.4,"IntGr1KomKonUtb",5.8,46500,269700,11.4,30.3030303
"1485","Uddevalla",2020,56787,31164,0.391785994158296,78.6,15.7,"IntGr1KomKonUtb",5.9,47300,279070,11.1,25.08833922
"1485","Uddevalla",2021,57122,31114,0.397377890199152,79.7,15.7,"IntGr1KomKonUtb",6.1,47600,290360,11.50040118,26.66666667
"1485","Uddevalla",2022,57282,31064,0.406590666191664,81.5,13,"IntGr1KomUtbBAS",6.3,48300,304290,11.1322211,34.8
"1485","Uddevalla",2023,57045,30903,0.410706622800744,81.3,12.4,"IntGr1KomUtbBAS",5.4,52500,283500,10.49822064,28.27225131
"1486","Strömstad",2016,13079,7288,0.285253456221198,70.9,10.2,"IntGr1KomKonUtb",5.4,44300,239220,14.6,
"1486","Strömstad",2017,13218,7303,0.284053156146179,71.3,10.7,"IntGr1KomKonUtb",5.5,44800,246400,12.8,38.0952381
"1486","Strömstad",2018,13253,7260,0.285994566857833,71.1,10.6,"IntGr1KomKonUtb",5.5,45500,250250,13.7,34.7826087
"1486","Strömstad",2019,13218,7200,0.288609892603237,71.2,9.7,"IntGr1KomKonUtb",5.6,46500,260400,13,
"1486","Strömstad",2020,13244,7210,0.296329859537834,67.4,15.1,"IntGr1KomKonUtb",5.9,47300,279070,9.5,44.44444444
"1486","Strömstad",2021,13277,7158,0.303911124638563,69.8,15.6,"IntGr1KomKonUtb",6.1,47600,290360,11.34733272,81.57894737
"1486","Strömstad",2022,13290,7169,0.310835351089588,83.9,10.4,"IntGr1KomUtbBAS",6.4,48300,309120,8.99608866,69.56521739
"1486","Strömstad",2023,13476,7307,0.312248247053558,83.2,9.2,"IntGr1KomUtbBAS",5.5,52500,288750,10.90909091,52.56410256
"1487","Vänersborg",2016,38955,21080,0.364833297940115,77.7,15.9,"IntGr1KomKonUtb",5.5,44300,243650,9.1,14.22872341
"1487","Vänersborg",2017,39151,21074,0.368754286920276,79.2,15.3,"IntGr1KomKonUtb",5.6,44800,250880,8.7,9.06862746
"1487","Vänersborg",2018,39411,21140,0.376784214945424,79.5,14.1,"IntGr1KomKonUtb",5.7,45500,259350,7.6,9.24261874
"1487","Vänersborg",2019,39591,21273,0.381417454431504,78.5,14.3,"IntGr1KomKonUtb",5.7,46500,265050,7.5,25.4180602
"1487","Vänersborg",2020,39624,21177,0.386310360993905,77.9,16.4,"IntGr1KomKonUtb",5.8,47300,274340,9.6,28.51239669
"1487","Vänersborg",2021,39636,21210,0.393501429685469,78.8,15.6,"IntGr1KomKonUtb",6,47600,285600,9.60660726,34.43708609
"1487","Vänersborg",2022,39904,21268,0.403029202759479,81.3,13.3,"IntGr1KomUtbBAS",6.2,48300,299460,8.20170109,32.0754717
"1487","Vänersborg",2023,40012,21329,0.412538178806233,80.6,12.1,"IntGr1KomUtbBAS",5.3,52500,278250,7.6085077,26.33587786
"1488","Trollhättan",2016,57753,33042,0.387184115523466,75.5,18.4,"IntGr1KomKonUtb",5.5,44300,243650,7.7,18.46153846
"1488","Trollhättan",2017,58238,33215,0.395236949723358,77.1,17.1,"IntGr1KomKonUtb",5.6,44800,250880,7.4,15.85535466
"1488","Trollhättan",2018,58728,33339,0.403623262295639,77.6,16,"IntGr1KomKonUtb",5.7,45500,259350,7.6,34.64818763
"1488","Trollhättan",2019,59058,33514,0.411440293237381,77.2,16.1,"IntGr1KomKonUtb",5.8,46500,269700,7,12.24489796
"1488","Trollhättan",2020,59249,33609,0.420829154129054,75.6,18.4,"IntGr1KomKonUtb",5.7,47300,269610,8.5,23.61111111
"1488","Trollhättan",2021,59154,33510,0.426958007976139,76.9,18.1,"IntGr1KomKonUtb",6,47600,285600,8.88450148,45.04504505
"1488","Trollhättan",2022,59274,33644,0.437358314441926,79.1,15.2,"IntGr1KomUtbBAS",6.2,48300,299460,8.20526894,92.56756757
"1488","Trollhättan",2023,59073,33577,0.447854399732844,78.9,14.1,"IntGr1KomUtbBAS",5.3,52500,278250,8.53228321,62.38317757
"1489","Alingsås",2016,40045,21767,0.405235494177059,83.4,10,"IntGr1KomKonUtb",5.8,44300,256940,10.8,52.96296296
"1489","Alingsås",2017,40390,21793,0.410209102091021,83.8,9.4,"IntGr1KomKonUtb",6,44800,268800,10,47.88732395
"1489","Alingsås",2018,41070,22122,0.416064619707004,84.1,9.2,"IntGr1KomKonUtb",6.1,45500,277550,10.1,50.64377682
"1489","Alingsås",2019,41420,22201,0.420614756140089,83.6,9.1,"IntGr1KomKonUtb",6.1,46500,283650,10.9,39.79238754
"1489","Alingsås",2020,41602,22172,0.427066772655008,83.3,11.2,"IntGr1KomKonUtb",6.1,47300,288530,10.9,37.91208791
"1489","Alingsås",2021,41853,22183,0.436631599841207,84.5,10.5,"IntGr1KomKonUtb",6.4,47600,304640,11.2298798,35.46511628
"1489","Alingsås",2022,42199,22231,0.44799526557183,85.9,8.8,"IntGr1KomUtbBAS",6.5,48300,313950,12.15767635,31.86813186
"1489","Alingsås",2023,42382,22241,0.455893217751071,85.8,8.3,"IntGr1KomUtbBAS",5.7,52500,299250,9.76031628,19.68503937
"1490","Borås",2016,109880,63065,0.373598913535536,79.4,14.1,"IntGr1KomKonUtb",5.6,44300,248080,10.3,28.26086957
"1490","Borås",2017,111026,63556,0.378154855268787,80.1,13.7,"IntGr1KomKonUtb",5.7,44800,255360,11,29.91913746
"1490","Borås",2018,112178,64028,0.382857746404492,80.9,13.2,"IntGr1KomKonUtb",5.8,45500,263900,9.8,26.14056721
"1490","Borås",2019,113179,64498,0.38826484336845,80,13.2,"IntGr1KomKonUtb",5.8,46500,269700,10.1,21.16040955
"1490","Borås",2020,113714,64832,0.394029695594172,79,15.4,"IntGr1KomKonUtb",5.8,47300,274340,10.5,14.73354232
"1490","Borås",2021,114091,64813,0.398600671954556,80.7,14.6,"IntGr1KomKonUtb",6,47600,285600,11.50376798,23.05140961
"1490","Borås",2022,114445,65153,0.407471373551407,81.8,12.1,"IntGr1KomUtbBAS",6.2,48300,299460,10.33326197,23.7735849
"1490","Borås",2023,114592,65282,0.411605449215382,80.9,12.2,"IntGr1KomUtbBAS",5.3,52500,278250,10.53945558,16.12903225
"1491","Ulricehamn",2016,23887,12902,0.302615624458687,83.3,9.7,"IntGr1KomKonUtb",5.7,44300,252510,10.5,31.66666666
"1491","Ulricehamn",2017,24296,13081,0.304303539597657,83.8,9.6,"IntGr1KomKonUtb",5.8,44800,259840,8.5,39.63414634
"1491","Ulricehamn",2018,24445,13090,0.311617350369872,84.3,9.6,"IntGr1KomKonUtb",5.9,45500,268450,8.6,35.81081081
"1491","Ulricehamn",2019,24668,13184,0.315469244874146,83.7,9.1,"IntGr1KomKonUtb",5.9,46500,274350,9,39.37823834
"1491","Ulricehamn",2020,24704,13171,0.321562734785875,83.7,10.4,"IntGr1KomKonUtb",5.9,47300,279070,9.9,36.79245283
"1491","Ulricehamn",2021,24898,13221,0.328943008614977,84.9,10.3,"IntGr1KomKonUtb",6.2,47600,295120,12.10806271,
"1491","Ulricehamn",2022,25108,13281,0.33947759960324,86,8.1,"IntGr1KomUtbBAS",6.3,48300,304290,10.25033122,39.25233645
"1491","Ulricehamn",2023,25087,13234,0.348627645502646,85.3,8.3,"IntGr1KomUtbBAS",5.5,52500,288750,10.14311519,39.75903615
"1492","Åmål",2016,12801,6700,0.293380140421264,73.3,20.2,"IntGr1KomKonUtb",5.1,44300,225930,10,
"1492","Åmål",2017,12711,6600,0.295473666498401,75.3,20,"IntGr1KomKonUtb",5.2,44800,232960,10.2,18.6440678
"1492","Åmål",2018,12720,6574,0.300691050058992,75,19.8,"IntGr1KomKonUtb",5.3,45500,241150,8.3,38.99371069
"1492","Åmål",2019,12610,6467,0.302606917703186,74.9,19.1,"IntGr1KomKonUtb",5.3,46500,246450,8.1,38.88888889
"1492","Åmål",2020,12441,6369,0.305843706777317,75.4,19.8,"IntGr1KomKonUtb",5.5,47300,260150,7.9,20.18348624
"1492","Åmål",2021,12318,6280,0.309935393748909,76.6,18.4,"IntGr1KomKonUtb",5.7,47600,271320,11.01768629,16.27906977
"1492","Åmål",2022,12216,6195,0.318881613873651,79.8,16.1,"IntGr1KomUtbBAS",5.9,48300,284970,8.44496214,46.15384615
"1492","Åmål",2023,12006,6076,0.325635937218113,79.5,14.2,"IntGr1KomUtbBAS",5.1,52500,267750,7.25066588,27.36842105
"1493","Mariestad",2016,24215,12881,0.312489143651207,80.5,12.7,"IntGr1KomKonUtb",5.6,44300,248080,9.7,23.00469483
"1493","Mariestad",2017,24290,12887,0.317334254143646,81.2,12,"IntGr1KomKonUtb",5.7,44800,255360,8.1,41.75438597
"1493","Mariestad",2018,24372,12860,0.325967325881341,81.9,11.3,"IntGr1KomKonUtb",5.8,45500,263900,8.7,29.26045016
"1493","Mariestad",2019,24537,12876,0.329675040727086,81.2,11.5,"IntGr1KomKonUtb",5.8,46500,269700,7.4,40.65656565
"1493","Mariestad",2020,24513,12818,0.33610136118483,81.4,11.8,"IntGr1KomKonUtb",5.9,47300,279070,8.2,28.06324111
"1493","Mariestad",2021,24723,12905,0.3472921108742,82.5,11.1,"IntGr1KomKonUtb",6.1,47600,290360,9.28107375,48.22695035
"1493","Mariestad",2022,24768,12938,0.354621991665958,84,9.5,"IntGr1KomUtbBAS",6.2,48300,299460,8.98844343,35.17915309
"1493","Mariestad",2023,24647,12893,0.361660248181429,83.8,8.5,"IntGr1KomUtbBAS",5.4,52500,283500,8.20373805,
"1494","Lidköping",2016,39235,21785,0.365227718682227,82.2,10.8,"IntGr1KomKonUtb",5.7,44300,252510,8.8,35.48387097
"1494","Lidköping",2017,39506,21824,0.367930327868852,83.2,10.3,"IntGr1KomKonUtb",5.8,44800,259840,9.8,38.05309735
"1494","Lidköping",2018,39879,21876,0.373909515114628,83.5,9.7,"IntGr1KomKonUtb",6,45500,273000,10,20.71428572
"1494","Lidköping",2019,40089,21859,0.377872254276749,83,9.7,"IntGr1KomKonUtb",6,46500,279000,8.3,30.95238095
"1494","Lidköping",2020,40328,21939,0.384824667472793,82.4,11.2,"IntGr1KomKonUtb",6,47300,283800,10.5,38.75
"1494","Lidköping",2021,40460,21874,0.392304200917848,84,10.4,"IntGr1KomKonUtb",6.2,47600,295120,11.86254644,37.33333333
"1494","Lidköping",2022,40457,21734,0.398791694166624,85.5,8.5,"IntGr1KomUtbBAS",6.4,48300,309120,9.63488844,46.53061224
"1494","Lidköping",2023,40539,21723,0.404771594261878,84.9,7.8,"IntGr1KomUtbBAS",5.5,52500,288750,9.61945928,56.5
"1495","Skara",2016,18979,10548,0.318452703434825,77.5,15.5,"IntGr1KomKonUtb",5.5,44300,243650,9.8,
"1495","Skara",2017,18843,10409,0.321486618268501,79.3,14.5,"IntGr1KomKonUtb",5.7,44800,255360,9.1,19.62616823
"1495","Skara",2018,18829,10344,0.322503790340048,79.9,14.2,"IntGr1KomKonUtb",5.8,45500,263900,8.3,30.17241379
"1495","Skara",2019,18837,10353,0.325177076625885,80,14.1,"IntGr1KomKonUtb",5.8,46500,269700,8.5,44.51219512
"1495","Skara",2020,18695,10269,0.330348473405977,79.3,15.3,"IntGr1KomKonUtb",5.8,47300,274340,8.9,45.56962025
"1495","Skara",2021,18732,10244,0.33646474462801,80.4,13.6,"IntGr1KomKonUtb",6,47600,285600,9.48036848,56.70103093
"1495","Skara",2022,18755,10164,0.34297520661157,82.3,11.2,"IntGr1KomUtbBAS",6.2,48300,299460,10.23063807,59.88372093
"1495","Skara",2023,18654,10053,0.345947719566882,81.7,10.4,"IntGr1KomUtbBAS",5.4,52500,283500,7.48017304,46.98795181
"1496","Skövde",2016,54133,31830,0.407512660764382,80.7,11.7,"IntGr1KomKonUtb",5.8,44300,256940,8.4,57.89473685
"1496","Skövde",2017,54975,32147,0.410872358652199,81.3,11.1,"IntGr1KomKonUtb",5.9,44800,264320,8.8,37.98076923
"1496","Skövde",2018,55729,32428,0.41866112910038,81.8,10.8,"IntGr1KomKonUtb",6,45500,273000,7.9,40.47619047
"1496","Skövde",2019,56366,32712,0.425982608695652,80.8,10.8,"IntGr1KomKonUtb",6,46500,279000,9.1,29.35779817
"1496","Skövde",2020,56791,32887,0.432289688977873,79.9,13.1,"IntGr1KomKonUtb",6,47300,283800,8.9,45.51282051
"1496","Skövde",2021,57016,32789,0.440196010766789,81.2,11.6,"IntGr1KomKonUtb",6.3,47600,299880,9.59551643,52.57731959
"1496","Skövde",2022,57463,33017,0.448987311302913,82.8,9.5,"IntGr1KomUtbBAS",6.4,48300,309120,7.73743729,49.53271028
"1496","Skövde",2023,57763,33198,0.455282876194404,82.5,8.7,"IntGr1KomUtbBAS",5.6,52500,294000,7.96622097,29.4117647
"1497","Hjo",2016,9048,4760,0.317204301075269,81.7,10.2,"IntGr1KomKonUtb",5.6,44300,248080,10.1,
"1497","Hjo",2017,9093,4735,0.316047652417659,82.4,9.5,"IntGr1KomKonUtb",5.7,44800,255360,10.5,100
"1497","Hjo",2018,9176,4703,0.324374853937836,82.9,9.5,"IntGr1KomKonUtb",5.8,45500,263900,9.4,69.23076923
"1497","Hjo",2019,9210,4677,0.333333333333333,82.3,9.7,"IntGr1KomKonUtb",5.8,46500,269700,11.6,28.04878049
"1497","Hjo",2020,9229,4689,0.340311700395441,81.5,12,"IntGr1KomKonUtb",5.8,47300,274340,11,51.11111111
"1497","Hjo",2021,9233,4698,0.34922471650081,83,11,"IntGr1KomKonUtb",6.1,47600,290360,15.35735381,64.93506494
"1497","Hjo",2022,9243,4693,0.361278369615563,84.7,8,"IntGr1KomUtbBAS",6.3,48300,304290,12.01260339,51.85185185
"1497","Hjo",2023,9258,4678,0.368774611999073,84.4,7.3,"IntGr1KomUtbBAS",5.4,52500,283500,9.26656151,55.71428572
"1498","Tidaholm",2016,12797,7044,0.245504174694926,80.6,13.2,"IntGr1KomKonUtb",5.5,44300,243650,6.1,5.97484277
"1498","Tidaholm",2017,12827,7015,0.249642232469391,81.3,12.1,"IntGr1KomKonUtb",5.7,44800,255360,8.6,29.48717949
"1498","Tidaholm",2018,12828,6951,0.260406736574515,81.9,11.2,"IntGr1KomKonUtb",5.8,45500,263900,4.5,25.96153846
"1498","Tidaholm",2019,12846,6961,0.265289912629071,81.6,10.7,"IntGr1KomKonUtb",5.8,46500,269700,6.6,33.33333333
"1498","Tidaholm",2020,12790,6887,0.270620204603581,81.3,12.2,"IntGr1KomKonUtb",5.8,47300,274340,9.6,75.67567567
"1498","Tidaholm",2021,12825,6837,0.279748468236053,82.9,11.3,"IntGr1KomKonUtb",6,47600,285600,11.36363636,
"1498","Tidaholm",2022,12839,6818,0.286290973679961,84.4,8.7,"IntGr1KomUtbBAS",6.2,48300,299460,7.30025686,
"1498","Tidaholm",2023,12839,6808,0.293218409497479,83.8,8,"IntGr1KomUtbBAS",5.4,52500,283500,6.37807029,
"1499","Falköping",2016,32806,17789,0.302221097260014,78.6,14.8,"IntGr1KomKonUtb",5.5,44300,243650,9,25.90361445
"1499","Falköping",2017,33077,17842,0.306153170670514,79.2,14.6,"IntGr1KomKonUtb",5.6,44800,250880,8.9,54.00843882
"1499","Falköping",2018,33155,17791,0.310502283105023,79.6,13.4,"IntGr1KomKonUtb",5.7,45500,259350,7.9,47.70642202
"1499","Falköping",2019,33246,17713,0.313751251251251,79.7,13,"IntGr1KomKonUtb",5.7,46500,265050,10,28.3464567
"1499","Falköping",2020,33238,17671,0.317614598357058,78.9,15.2,"IntGr1KomKonUtb",5.7,47300,269610,10.6,29.01785714
"1499","Falköping",2021,33270,17647,0.32356815758108,80.6,14.5,"IntGr1KomKonUtb",6,47600,285600,9.60639734,30.46875
"1499","Falköping",2022,33252,17656,0.336793758651063,82.4,12.1,"IntGr1KomUtbBAS",6.1,48300,294630,10.21201597,40.83333333
"1499","Falköping",2023,32991,17536,0.340312143129045,82.1,10.9,"IntGr1KomUtbBAS",5.3,52500,278250,8.79461976,30
"1715","Kil",2016,11800,6236,0.331207934821112,80.3,13.1,"IntGr1KomKonUtb",5.7,44300,252510,9.3,25
"1715","Kil",2017,11910,6244,0.335556335556336,81.4,12.1,"IntGr1KomKonUtb",5.8,44800,259840,8.6,
"1715","Kil",2018,11962,6241,0.346254583551598,82.3,11.2,"IntGr1KomKonUtb",5.9,45500,268450,7.7,21.05263158
"1715","Kil",2019,12087,6268,0.348687641230662,81.6,12,"IntGr1KomKonUtb",5.9,46500,274350,9.8,
"1715","Kil",2020,12115,6265,0.358346360951885,81.2,13.4,"IntGr1KomKonUtb",6,47300,283800,9.9,
"1715","Kil",2021,12134,6233,0.364759088537137,82.5,11.9,"IntGr1KomKonUtb",6.2,47600,295120,9.46465543,
"1715","Kil",2022,12115,6171,0.372970141435306,84.9,10,"IntGr1KomUtbBAS",6.4,48300,309120,8.71105862,
"1715","Kil",2023,12085,6125,0.379961531736318,85.4,8.7,"IntGr1KomUtbBAS",5.6,52500,294000,7.5443787,
"1730","Eda",2016,8526,4671,0.208125445473984,65.3,12.3,"IntGr1KomKonUtb",5.2,44300,230360,7.6,48.67256637
"1730","Eda",2017,8618,4738,0.212409946548919,66.1,12.1,"IntGr1KomKonUtb",5.2,44800,232960,8.4,32.96703297
"1730","Eda",2018,8575,4679,0.208547407753386,66.4,11.2,"IntGr1KomKonUtb",5.3,45500,241150,10.5,40.90909091
"1730","Eda",2019,8564,4613,0.209138012246821,66.6,11.6,"IntGr1KomKonUtb",5.3,46500,246450,8,25.49019608
"1730","Eda",2020,8550,4599,0.216095729704364,65.4,14.1,"IntGr1KomKonUtb",5.6,47300,264880,7.7,25.71428571
"1730","Eda",2021,8490,4560,0.220146606762828,66.5,13.9,"IntGr1KomKonUtb",5.8,47600,276080,7.83828383,43.24324324
"1730","Eda",2022,8535,4574,0.222979323308271,80,10.7,"IntGr1KomUtbBAS",6.2,48300,299460,7.38461539,54.79452055
"1730","Eda",2023,8499,4539,0.226660363980147,79.7,10,"IntGr1KomUtbBAS",5.3,52500,278250,9.0145462,28.57142857
"1737","Torsby",2016,12169,6484,0.240323413039739,75,13.6,"IntGr1KomKonUtb",5.3,44300,234790,9,
"1737","Torsby",2017,11890,6303,0.24081204060203,77.8,13.2,"IntGr1KomKonUtb",5.3,44800,237440,7.6,
"1737","Torsby",2018,11719,6186,0.24085637823372,78.8,10.7,"IntGr1KomKonUtb",5.5,45500,250250,9.1,
"1737","Torsby",2019,11616,6069,0.243981900452489,78.7,10.8,"IntGr1KomKonUtb",5.5,46500,255750,9.1,
"1737","Torsby",2020,11549,6036,0.248127169742372,77.3,12.3,"IntGr1KomKonUtb",5.7,47300,269610,10.9,
"1737","Torsby",2021,11472,5947,0.252499074416883,79.6,11.3,"IntGr1KomKonUtb",5.9,47600,280840,10.52962439,
"1737","Torsby",2022,11411,5847,0.263157894736842,83.9,9.2,"IntGr1KomUtbBAS",6.1,48300,294630,9.92594927,
"1737","Torsby",2023,11387,5784,0.267870579382995,83.5,7.9,"IntGr1KomUtbBAS",5.3,52500,278250,9.14927769,
"1760","Storfors",2016,4046,2138,0.211013896037056,74.5,21.7,"IntGr1KomKonUtb",5.3,44300,234790,10.3,26.19047619
"1760","Storfors",2017,4123,2167,0.210178117048346,75.4,19.8,"IntGr1KomKonUtb",5.4,44800,241920,8.3,14.94252874
"1760","Storfors",2018,4055,2107,0.208333333333333,76.7,18.3,"IntGr1KomKonUtb",5.5,45500,250250,10.7,34.375
"1760","Storfors",2019,4014,2065,0.210191082802548,77.7,16.8,"IntGr1KomKonUtb",5.6,46500,260400,6.9,24.65753425
"1760","Storfors",2020,3990,2017,0.215251487290427,76.5,17.1,"IntGr1KomKonUtb",5.7,47300,269610,11.2,18.18181818
"1760","Storfors",2021,3948,1974,0.224523160762943,79.4,15.8,"IntGr1KomKonUtb",5.9,47600,280840,6.0437006,51.28205128
"1760","Storfors",2022,3882,1944,0.225842076200994,80,13.2,"IntGr1KomUtbBAS",6.1,48300,294630,8.78815911,61.53846154
"1760","Storfors",2023,3801,1884,0.230464326160815,79.8,12.2,"IntGr1KomUtbBAS",5.3,52500,278250,11.3582584,
"1761","Hammarö",2016,15725,8504,0.505847953216374,85.3,10,"IntGr1KomKonUtb",6.3,44300,279090,9.8,
"1761","Hammarö",2017,16174,8724,0.507459006287757,86.1,9,"IntGr1KomKonUtb",6.4,44800,286720,8.2,
"1761","Hammarö",2018,16483,8804,0.515676068272606,86.6,8.1,"IntGr1KomKonUtb",6.5,45500,295750,7.7,
"1761","Hammarö",2019,16568,8722,0.528615009151922,85.8,8.3,"IntGr1KomKonUtb",6.6,46500,306900,8.3,
"1761","Hammarö",2020,16668,8715,0.540075637428327,85.4,9.6,"IntGr1KomKonUtb",6.6,47300,312180,8,
"1761","Hammarö",2021,16765,8724,0.551286742285645,85.9,8.7,"IntGr1KomKonUtb",6.8,47600,323680,9.5327886,
"1761","Hammarö",2022,16820,8686,0.564600904534898,88.5,7.5,"IntGr1KomUtbBAS",7,48300,338100,9.55781956,60.6060606
"1761","Hammarö",2023,16940,8680,0.577049981669314,87.4,6.9,"IntGr1KomUtbBAS",6.2,52500,325500,8.10867734,50
"1762","Munkfors",2016,3738,1968,0.192022792022792,72.8,17.4,"IntGr1KomKonUtb",5.3,44300,234790,7.3,
"1762","Munkfors",2017,3763,1977,0.194475760992108,73.8,16.7,"IntGr1KomKonUtb",5.4,44800,241920,8.2,15.15151515
"1762","Munkfors",2018,3789,1969,0.208403361344538,75,15.8,"IntGr1KomKonUtb",5.5,45500,250250,7.6,
"1762","Munkfors",2019,3740,1936,0.206331260599209,75.6,14.8,"IntGr1KomKonUtb",5.5,46500,255750,6.7,
"1762","Munkfors",2020,3725,1930,0.207191780821918,76.1,16.2,"IntGr1KomKonUtb",5.6,47300,264880,7.2,
"1762","Munkfors",2021,3680,1881,0.214160327677004,76.3,15.2,"IntGr1KomKonUtb",5.7,47600,271320,5.95238095,
"1762","Munkfors",2022,3701,1896,0.226983207874928,78.8,14.1,"IntGr1KomUtbBAS",5.8,48300,280140,6.88976378,46.15384615
"1762","Munkfors",2023,3669,1884,0.236183827806864,78.6,11.7,"IntGr1KomUtbBAS",5.1,52500,267750,10.76320939,28.94736842
"1763","Forshaga",2016,11451,6038,0.309872029250457,79.2,14.1,"IntGr1KomKonUtb",5.6,44300,248080,8.6,
"1763","Forshaga",2017,11509,6063,0.321519447473646,80.5,14,"IntGr1KomKonUtb",5.7,44800,255360,7.7,24.59016394
"1763","Forshaga",2018,11518,6023,0.324467116050282,80.8,12.9,"IntGr1KomKonUtb",5.7,45500,259350,6.4,27.02702702
"1763","Forshaga",2019,11499,5995,0.328249818445897,80.7,12.9,"IntGr1KomKonUtb",5.8,46500,269700,5,30.61224489
"1763","Forshaga",2020,11524,6035,0.334357491415146,79.7,13.9,"IntGr1KomKonUtb",5.8,47300,274340,7.2,4.44444444
"1763","Forshaga",2021,11606,6054,0.345672389127325,81.6,13.2,"IntGr1KomKonUtb",6,47600,285600,8.50805226,
"1763","Forshaga",2022,11578,6000,0.360295442262655,83.9,11,"IntGr1KomUtbBAS",6.2,48300,299460,7.74134791,18.60465117
"1763","Forshaga",2023,11538,6009,0.366960907944515,83.5,10.4,"IntGr1KomUtbBAS",5.4,52500,283500,6.88073395,11.76470589
"1764","Grums",2016,9063,4893,0.218892955169259,74.8,17.6,"IntGr1KomKonUtb",5.4,44300,239220,10.1,69.76744186
"1764","Grums",2017,9011,4824,0.221354764638347,76.7,15.7,"IntGr1KomKonUtb",5.5,44800,246400,8.8,
"1764","Grums",2018,9016,4770,0.227891941814823,78.3,13.5,"IntGr1KomKonUtb",5.6,45500,254800,7.8,60
"1764","Grums",2019,9047,4766,0.234955038044731,77.6,13.2,"IntGr1KomKonUtb",5.7,46500,265050,6.8,
"1764","Grums",2020,9043,4744,0.24070674621386,76.9,15.3,"IntGr1KomKonUtb",5.7,47300,269610,6.9,
"1764","Grums",2021,9091,4754,0.25176256538549,77.7,14.8,"IntGr1KomKonUtb",5.9,47600,280840,10.76531611,31.37254902
"1764","Grums",2022,9105,4744,0.261958997722096,80.7,13.2,"IntGr1KomUtbBAS",6,48300,289800,7.05329154,43.58974359
"1764","Grums",2023,9057,4719,0.269812185066422,79.5,12.3,"IntGr1KomUtbBAS",5.3,52500,278250,7.44222483,66.66666667
"1765","Årjäng",2016,9958,5384,0.201071281417388,68.3,11.6,"IntGr1KomKonUtb",5.1,44300,225930,8.8,
"1765","Årjäng",2017,9948,5373,0.209940193854403,69.9,11.5,"IntGr1KomKonUtb",5.2,44800,232960,7.4,27.90697675
"1765","Årjäng",2018,10011,5411,0.206368646662584,69.5,10.6,"IntGr1KomKonUtb",5.3,45500,241150,5.3,
"1765","Årjäng",2019,10070,5418,0.209240789741502,70,9.1,"IntGr1KomKonUtb",5.4,46500,251100,6.3,
"1765","Årjäng",2020,9996,5371,0.214667214461791,69.5,11,"IntGr1KomKonUtb",5.8,47300,274340,9.9,
"1765","Årjäng",2021,9942,5293,0.217300459674049,71,10.9,"IntGr1KomKonUtb",6,47600,285600,10.97943534,
"1765","Årjäng",2022,9914,5276,0.226138032305433,84.2,8.2,"IntGr1KomUtbBAS",6.3,48300,304290,10.61608075,
"1765","Årjäng",2023,9893,5275,0.228180862250263,84.2,7,"IntGr1KomUtbBAS",5.4,52500,283500,7.38137083,30.30303031
"1766","Sunne",2016,13425,7424,0.293921479460361,79.2,12.8,"IntGr1KomKonUtb",5.4,44300,239220,10.8,
"1766","Sunne",2017,13331,7334,0.297901459854015,80.1,12.1,"IntGr1KomKonUtb",5.5,44800,246400,9.2,
"1766","Sunne",2018,13261,7184,0.301680283644212,81.6,10.8,"IntGr1KomKonUtb",5.6,45500,254800,10.1,
"1766","Sunne",2019,13306,7173,0.30273376825101,80.8,10.2,"IntGr1KomKonUtb",5.6,46500,260400,9.7,43.24324324
"1766","Sunne",2020,13335,7190,0.306600863664405,79.9,12.4,"IntGr1KomKonUtb",5.7,47300,269610,11.4,38.29787234
"1766","Sunne",2021,13355,7136,0.313622291021672,81.6,11.2,"IntGr1KomKonUtb",6,47600,285600,11.74015132,35.41666667
"1766","Sunne",2022,13418,7105,0.323146137139311,84,9.6,"IntGr1KomUtbBAS",6.1,48300,294630,10.96892139,42.85714286
"1766","Sunne",2023,13366,7010,0.331037721083112,83.5,8.5,"IntGr1KomUtbBAS",5.3,52500,278250,11.35177453,59.01639344
"1780","Karlstad",2016,90198,53205,0.47778241483076,77.7,13.6,"IntGr1KomKonUtb",5.5,44300,243650,9.6,30.6870229
"1780","Karlstad",2017,91120,53355,0.482465485378846,78.5,13.8,"IntGr1KomKonUtb",5.6,44800,250880,9,19.03448276
"1780","Karlstad",2018,92497,54029,0.487834107299536,78.8,12.9,"IntGr1KomKonUtb",5.7,45500,259350,9.6,43.63852556
"1780","Karlstad",2019,93898,54872,0.494052756784068,78.6,12.5,"IntGr1KomKonUtb",5.7,46500,265050,9.2,35.7615894
"1780","Karlstad",2020,94828,55164,0.501505079643798,77.3,14.4,"IntGr1KomKonUtb",5.7,47300,269610,10.6,33.57664234
"1780","Karlstad",2021,95408,55321,0.509203860826784,79,13.3,"IntGr1KomKonUtb",6,47600,285600,10.44549443,30.84291188
"1780","Karlstad",2022,96466,55940,0.519484282196147,81.1,11.5,"IntGr1KomUtbBAS",6.1,48300,294630,9.48913721,38.12785388
"1780","Karlstad",2023,97233,56508,0.526478665409682,80.8,11,"IntGr1KomUtbBAS",5.3,52500,278250,8.70851407,40.37433155
"1781","Kristinehamn",2016,24671,13272,0.310778847778341,73.1,20.3,"IntGr1KomKonUtb",5.3,44300,234790,8.9,
"1781","Kristinehamn",2017,24650,13109,0.31483205008884,74.2,19,"IntGr1KomKonUtb",5.4,44800,241920,7.8,
"1781","Kristinehamn",2018,24336,12924,0.319277621603203,75.8,17.6,"IntGr1KomKonUtb",5.5,45500,250250,7.7,25.58922559
"1781","Kristinehamn",2019,24255,12799,0.322913088285812,75.2,15.4,"IntGr1KomKonUtb",5.6,46500,260400,7.5,25
"1781","Kristinehamn",2020,24190,12715,0.328841668826121,74.4,16.8,"IntGr1KomKonUtb",5.6,47300,264880,9.1,30.09708738
"1781","Kristinehamn",2021,24099,12587,0.334580903472887,76.1,15.9,"IntGr1KomKonUtb",5.8,47600,276080,10.02801947,49.71428572
"1781","Kristinehamn",2022,24053,12533,0.348290037610426,79,14,"IntGr1KomUtbBAS",5.9,48300,284970,8.03124079,37.64044944
"1781","Kristinehamn",2023,23817,12388,0.353573631796951,78.2,12.5,"IntGr1KomUtbBAS",5.2,52500,273000,5.6965303,
"1782","Filipstad",2016,10960,5707,0.195535180386685,69.7,21.1,"IntGr1KomKonUtb",5.1,44300,225930,6.1,
"1782","Filipstad",2017,10783,5545,0.200405679513185,72.3,20.1,"IntGr1KomKonUtb",5.2,44800,232960,7.6,29.94186046
"1782","Filipstad",2018,10837,5531,0.198947581461243,72.3,18.6,"IntGr1KomKonUtb",5.2,45500,236600,4.5,43.02325582
"1782","Filipstad",2019,10644,5382,0.195061728395062,72.1,18,"IntGr1KomKonUtb",5.3,46500,246450,4.7,33.67346939
"1782","Filipstad",2020,10503,5288,0.195739295507277,71.9,18,"IntGr1KomKonUtb",5.4,47300,255420,7.9,20.11173184
"1782","Filipstad",2021,10403,5254,0.201107797187899,73,16.1,"IntGr1KomKonUtb",5.5,47600,261800,10.22026432,29.41176471
"1782","Filipstad",2022,10315,5178,0.205039844927848,73.6,15.4,"IntGr1KomUtbBAS",5.7,48300,275310,8.27464789,
"1782","Filipstad",2023,10034,4995,0.212921847246892,73.6,14.2,"IntGr1KomUtbBAS",4.9,52500,257250,7.13266762,
"1783","Hagfors",2016,11917,6383,0.224206693254725,75.6,14.6,"IntGr1KomKonUtb",5.4,44300,239220,7.2,16
"1783","Hagfors",2017,11782,6231,0.223591549295775,77,13.6,"IntGr1KomKonUtb",5.6,44800,250880,7.8,14.49275362
"1783","Hagfors",2018,11698,6158,0.221787808779101,77.7,13.1,"IntGr1KomKonUtb",5.7,45500,259350,6.7,22.22222222
"1783","Hagfors",2019,11606,6068,0.228812040852894,77.6,12.4,"IntGr1KomKonUtb",5.6,46500,260400,5,14.81481481
"1783","Hagfors",2020,11517,5994,0.235975389069852,76.4,13.3,"IntGr1KomKonUtb",5.6,47300,264880,7.4,9.09090909
"1783","Hagfors",2021,11553,6013,0.240650406504065,77.5,12.7,"IntGr1KomKonUtb",5.8,47600,276080,9.46470132,57.14285714
"1783","Hagfors",2022,11589,5923,0.247995626822157,79,10,"IntGr1KomUtbBAS",6,48300,289800,8.0620155,36.36363637
"1783","Hagfors",2023,11536,5836,0.255268022181146,77.8,9.3,"IntGr1KomUtbBAS",5.1,52500,267750,12.40967641,
"1784","Arvika",2016,26054,14072,0.30485868529692,76.2,14.1,"IntGr1KomKonUtb",5.5,44300,243650,8.2,41.66666666
"1784","Arvika",2017,26060,13966,0.307888243254,77.2,13.1,"IntGr1KomKonUtb",5.6,44800,250880,9.9,27.44282744
"1784","Arvika",2018,26082,13796,0.309493264913406,77.7,11.6,"IntGr1KomKonUtb",5.7,45500,259350,8.9,37.27272728
"1784","Arvika",2019,26045,13728,0.314787937429447,78.6,11.5,"IntGr1KomKonUtb",5.7,46500,265050,7.6,29.62962962
"1784","Arvika",2020,25932,13582,0.318433029908973,77.7,13.8,"IntGr1KomKonUtb",5.8,47300,274340,9.5,22.5
"1784","Arvika",2021,25854,13478,0.326252144783071,79.2,12.1,"IntGr1KomKonUtb",5.9,47600,280840,9.50871632,37.22943723
"1784","Arvika",2022,25832,13401,0.337826730231794,83.5,9.4,"IntGr1KomUtbBAS",6.2,48300,299460,9.57894011,35.71428572
"1784","Arvika",2023,25682,13328,0.340502978160159,83.7,8.2,"IntGr1KomUtbBAS",5.4,52500,283500,9.3335177,26.22950819
"1785","Säffle",2016,15633,8215,0.258130636786007,73.1,20.2,"IntGr1KomKonUtb",5.1,44300,225930,7.7,46.66666667
"1785","Säffle",2017,15727,8171,0.257998638529612,74.6,19.5,"IntGr1KomKonUtb",5.2,44800,232960,8.5,45.05119454
"1785","Säffle",2018,15643,8068,0.259832808003289,75.2,18.9,"IntGr1KomKonUtb",5.3,45500,241150,9.5,33.33333333
"1785","Säffle",2019,15455,7956,0.264979841512582,75.7,17.4,"IntGr1KomKonUtb",5.4,46500,251100,9.9,21.55688623
"1785","Säffle",2020,15420,7898,0.267552447552448,74.7,18.7,"IntGr1KomKonUtb",5.5,47300,260150,9.2,37.19512195
"1785","Säffle",2021,15396,7883,0.272155437517473,75.2,17,"IntGr1KomKonUtb",5.7,47600,271320,9.29800093,51.2605042
"1785","Säffle",2022,15242,7791,0.282657657657658,78.3,14.5,"IntGr1KomUtbBAS",5.9,48300,284970,9.65453065,50
"1785","Säffle",2023,15011,7586,0.289023162134945,79.3,13,"IntGr1KomUtbBAS",5.1,52500,267750,7.31304553,38.15028902
"1814","Lekeberg",2016,7636,4079,0.309927360774818,84.5,9.7,"IntGr1KomKonUtb",5.8,44300,256940,9.7,40
"1814","Lekeberg",2017,7868,4192,0.315598235141448,85.1,9.6,"IntGr1KomKonUtb",5.8,44800,259840,11.7,51.1627907
"1814","Lekeberg",2018,8116,4276,0.328128934777134,85.7,9.4,"IntGr1KomKonUtb",6,45500,273000,12.1,
"1814","Lekeberg",2019,8234,4330,0.336555142503098,86.3,9,"IntGr1KomKonUtb",6,46500,279000,12.5,47.36842105
"1814","Lekeberg",2020,8472,4448,0.346653827636013,85.1,10.1,"IntGr1KomKonUtb",6,47300,283800,14.8,28
"1814","Lekeberg",2021,8603,4511,0.35628389530771,86.3,8.7,"IntGr1KomKonUtb",6.3,47600,299880,13.40206186,45.71428571
"1814","Lekeberg",2022,8756,4566,0.369722416608351,88.1,7.8,"IntGr1KomUtbBAS",6.5,48300,313950,12.55144033,43.33333333
"1814","Lekeberg",2023,8606,4464,0.377053082599381,87.2,7.4,"IntGr1KomUtbBAS",5.7,52500,299250,8.3248731,30.3030303
"1860","Laxå",2016,5709,2933,0.218188622754491,76.9,16.7,"IntGr1KomKonUtb",5.5,44300,243650,9.5,34.48275862
"1860","Laxå",2017,5643,2906,0.223106060606061,77.1,15.6,"IntGr1KomKonUtb",5.5,44800,246400,10.8,38.88888889
"1860","Laxå",2018,5637,2874,0.228735632183908,79.2,14.2,"IntGr1KomKonUtb",5.7,45500,259350,8.8,40.625
"1860","Laxå",2019,5683,2886,0.242493348536678,77.8,14.9,"IntGr1KomKonUtb",5.6,46500,260400,8.9,33.33333333
"1860","Laxå",2020,5659,2881,0.249240121580547,77.7,14.5,"IntGr1KomKonUtb",5.7,47300,269610,9.9,53.65853658
"1860","Laxå",2021,5582,2823,0.244717633499808,77.6,13.4,"IntGr1KomKonUtb",5.8,47600,276080,7.23684211,32.0754717
"1860","Laxå",2022,5576,2815,0.252891287586739,79.2,12,"IntGr1KomUtbBAS",6,48300,289800,10.85169352,27.27272727
"1860","Laxå",2023,5497,2739,0.258051689860835,78.8,11.7,"IntGr1KomUtbBAS",5.2,52500,273000,9.21658986,53.19148936
"1861","Hallsberg",2016,15649,8559,0.247292183218061,78.8,14.8,"IntGr1KomKonUtb",5.5,44300,243650,10.3,
"1861","Hallsberg",2017,15932,8663,0.249871794871795,78.9,15.1,"IntGr1KomKonUtb",5.6,44800,250880,8.4,31.25
"1861","Hallsberg",2018,15954,8578,0.261417728032935,79.9,14.7,"IntGr1KomKonUtb",5.7,45500,259350,8.5,27.34375
"1861","Hallsberg",2019,15932,8534,0.26605504587156,79.7,14.1,"IntGr1KomKonUtb",5.7,46500,265050,7.1,41.40625
"1861","Hallsberg",2020,15990,8522,0.27041275556127,79.3,15,"IntGr1KomKonUtb",5.7,47300,269610,8.1,19.48051948
"1861","Hallsberg",2021,16196,8601,0.27895471267284,80.5,13.9,"IntGr1KomKonUtb",6,47600,285600,10.75500108,48.51485149
"1861","Hallsberg",2022,16290,8681,0.287037037037037,82.9,11,"IntGr1KomUtbBAS",6.2,48300,299460,7.30005368,100
"1861","Hallsberg",2023,16232,8643,0.295125,81.9,10.9,"IntGr1KomUtbBAS",5.3,52500,278250,8.28201317,
"1862","Degerfors",2016,9609,5118,0.220125786163522,75.6,16.5,"IntGr1KomKonUtb",5.4,44300,239220,8.1,
"1862","Degerfors",2017,9668,5095,0.223210412147505,75.8,16.5,"IntGr1KomKonUtb",5.5,44800,246400,7.4,
"1862","Degerfors",2018,9665,5021,0.222271030090051,76,14.8,"IntGr1KomKonUtb",5.6,45500,254800,6.4,
"1862","Degerfors",2019,9666,5020,0.226132864056313,75.7,14.5,"IntGr1KomKonUtb",5.6,46500,260400,6.3,
"1862","Degerfors",2020,9631,4964,0.227836879432624,74.2,15.2,"IntGr1KomKonUtb",5.7,47300,269610,5.1,21.05263158
"1862","Degerfors",2021,9534,4877,0.237280504277353,75.9,15.7,"IntGr1KomKonUtb",5.8,47600,276080,10.34417905,38.88888888
"1862","Degerfors",2022,9530,4849,0.242554151624549,77.2,13.8,"IntGr1KomUtbBAS",6,48300,289800,7.55287009,
"1862","Degerfors",2023,9357,4781,0.25017135023989,76.8,13,"IntGr1KomUtbBAS",5.2,52500,273000,7.22983257,
"1863","Hällefors",2016,7138,3657,0.225530566993982,72.3,19.5,"IntGr1KomKonUtb",5.2,44300,230360,9.5,
"1863","Hällefors",2017,7109,3598,0.2202154626109,73.1,19.8,"IntGr1KomKonUtb",5.3,44800,237440,7.6,83.33333333
"1863","Hällefors",2018,6983,3547,0.224281150159744,74.9,17,"IntGr1KomKonUtb",5.3,45500,241150,9,53.84615384
"1863","Hällefors",2019,7013,3535,0.225311601150527,72.4,18,"IntGr1KomKonUtb",5.4,46500,251100,6.2,
"1863","Hällefors",2020,6896,3473,0.224344448041437,72.6,19.1,"IntGr1KomKonUtb",5.3,47300,250690,7.4,
"1863","Hällefors",2021,6849,3442,0.229990199281281,73.1,17.3,"IntGr1KomKonUtb",5.5,47600,261800,8.5538626,
"1863","Hällefors",2022,6656,3324,0.242169080498484,75.6,15.3,"IntGr1KomUtbBAS",5.7,48300,275310,9.39849624,
"1863","Hällefors",2023,6495,3249,0.247022796869684,74.2,12.7,"IntGr1KomUtbBAS",4.8,52500,252000,6.13325899,
"1864","Ljusnarsberg",2016,5006,2647,0.211120401337793,67.2,18.4,"IntGr1KomKonUtb",5.1,44300,225930,10.4,70.58823529
"1864","Ljusnarsberg",2017,4942,2566,0.214744963566224,69.1,19.6,"IntGr1KomKonUtb",5.1,44800,228480,11.3,46.36363637
"1864","Ljusnarsberg",2018,4846,2500,0.220562390158172,70.7,17.7,"IntGr1KomKonUtb",5.2,45500,236600,8.6,30.23255814
"1864","Ljusnarsberg",2019,4771,2456,0.210267857142857,69.8,17.4,"IntGr1KomKonUtb",5.2,46500,241800,5.5,50
"1864","Ljusnarsberg",2020,4674,2382,0.208467556373677,69.1,17.6,"IntGr1KomKonUtb",5.2,47300,245960,9.5,65.11627907
"1864","Ljusnarsberg",2021,4604,2318,0.217638691322902,72.6,15.9,"IntGr1KomKonUtb",5.5,47600,261800,9.23694779,
"1864","Ljusnarsberg",2022,4517,2275,0.22673031026253,74,14.6,"IntGr1KomUtbBAS",5.7,48300,275310,13.27433628,47.72727273
"1864","Ljusnarsberg",2023,4407,2193,0.225234105470675,74.6,12.5,"IntGr1KomUtbBAS",4.9,52500,257250,6.5546907,43.15789473
"1880","Örebro",2016,146631,85747,0.445885564504081,77.9,13.7,"IntGr1KomKonUtb",5.5,44300,243650,11.3,31.38780804
"1880","Örebro",2017,150291,87851,0.449200482227786,78.3,13.9,"IntGr1KomKonUtb",5.6,44800,250880,10.8,28.75647669
"1880","Örebro",2018,153367,89582,0.454412260456915,78.4,13.6,"IntGr1KomKonUtb",5.6,45500,254800,10.5,29.62112514
"1880","Örebro",2019,155696,90788,0.46001709816131,78.2,13.6,"IntGr1KomKonUtb",5.6,46500,260400,10.1,33.53808354
"1880","Örebro",2020,156381,91007,0.464904145439762,77,15.2,"IntGr1KomKonUtb",5.7,47300,269610,10.1,36.90303907
"1880","Örebro",2021,156987,90966,0.46949581960983,78.3,14.5,"IntGr1KomKonUtb",5.9,47600,280840,10.83820186,36.58536585
"1880","Örebro",2022,158057,91671,0.476658383682943,80,12.7,"IntGr1KomUtbBAS",6,48300,289800,10.67942349,40.22988506
"1880","Örebro",2023,159348,92743,0.483620689655172,79.4,12.1,"IntGr1KomUtbBAS",5.2,52500,273000,9.56463713,
"1881","Kumla",2016,21334,11680,0.300525059665871,82.3,12.2,"IntGr1KomKonUtb",5.7,44300,252510,9,10.5882353
"1881","Kumla",2017,21506,11737,0.303888259720649,83,11.9,"IntGr1KomKonUtb",5.8,44800,259840,11.1,9.09090909
"1881","Kumla",2018,21640,11701,0.316468814772941,83.3,11.7,"IntGr1KomKonUtb",5.9,45500,268450,8.9,23.40425532
"1881","Kumla",2019,21738,11746,0.324791919947629,82.6,11.9,"IntGr1KomKonUtb",5.9,46500,274350,8.2,18.46153846
"1881","Kumla",2020,21862,11749,0.328889717535192,81.3,12.7,"IntGr1KomKonUtb",5.9,47300,279070,9.1,15.45454545
"1881","Kumla",2021,22144,11952,0.338836910658595,82.6,11.8,"IntGr1KomKonUtb",6.1,47600,290360,8.6862941,35.33834586
"1881","Kumla",2022,22479,12086,0.348505496502226,84.3,10.5,"IntGr1KomUtbBAS",6.2,48300,299460,9.28412491,15.38461539
"1881","Kumla",2023,22516,12119,0.355941399891481,84,10,"IntGr1KomUtbBAS",5.5,52500,288750,8.37074804,16.41221374
"1882","Askersund",2016,11282,5863,0.24294316898758,80.9,11.9,"IntGr1KomKonUtb",5.7,44300,252510,11.1,25
"1882","Askersund",2017,11175,5771,0.24412433661865,82.5,11.5,"IntGr1KomKonUtb",5.8,44800,259840,9.2,11.76470588
"1882","Askersund",2018,11313,5810,0.248771266540643,83.4,10.6,"IntGr1KomKonUtb",5.9,45500,268450,7.3,15.87301588
"1882","Askersund",2019,11377,5782,0.253587613293051,83,10.6,"IntGr1KomKonUtb",5.9,46500,274350,9.9,20
"1882","Askersund",2020,11471,5809,0.254253308128544,82.4,10.9,"IntGr1KomKonUtb",6,47300,283800,10.7,10.63829787
"1882","Askersund",2021,11534,5841,0.256106726794438,84.2,10.1,"IntGr1KomKonUtb",6.2,47600,295120,10.61470215,32.60869565
"1882","Askersund",2022,11497,5787,0.266187050359712,84.6,8.8,"IntGr1KomUtbBAS",6.4,48300,309120,10.90391909,19.67213115
"1882","Askersund",2023,11478,5769,0.270470053070508,83.8,8.4,"IntGr1KomUtbBAS",5.5,52500,288750,9.22685333,14.66666667
"1883","Karlskoga",2016,30538,16539,0.297572222975722,76.9,16.6,"IntGr1KomKonUtb",5.5,44300,243650,8.1,
"1883","Karlskoga",2017,30413,16341,0.300533369803063,77.9,15.5,"IntGr1KomKonUtb",5.6,44800,250880,7.2,
"1883","Karlskoga",2018,30419,16267,0.311542669584245,78.7,14.1,"IntGr1KomKonUtb",5.7,45500,259350,7.1,12.76595745
"1883","Karlskoga",2019,30381,16259,0.315455042361301,78.7,14,"IntGr1KomKonUtb",5.8,46500,269700,6.6,
"1883","Karlskoga",2020,30263,16193,0.320766335956209,78.2,14.8,"IntGr1KomKonUtb",5.8,47300,274340,7.2,
"1883","Karlskoga",2021,30437,16252,0.329603602374292,79.7,13.7,"IntGr1KomKonUtb",6.1,47600,290360,7.56111427,
"1883","Karlskoga",2022,30278,16154,0.340370116518163,81.8,12,"IntGr1KomUtbBAS",6.2,48300,299460,7.31624319,
"1883","Karlskoga",2023,30261,16150,0.344190502258109,81.4,11.1,"IntGr1KomUtbBAS",5.4,52500,283500,5.64295486,
"1884","Nora",2016,10665,5523,0.319838872104733,78.4,15.4,"IntGr1KomKonUtb",5.6,44300,248080,9.6,
"1884","Nora",2017,10747,5504,0.320743405275779,79.6,15,"IntGr1KomKonUtb",5.7,44800,255360,10.5,61.66666666
"1884","Nora",2018,10737,5447,0.321767197901957,79.8,13.9,"IntGr1KomKonUtb",5.8,45500,263900,8.2,34.09090909
"1884","Nora",2019,10726,5392,0.329485621709194,80.2,12.8,"IntGr1KomKonUtb",5.9,46500,274350,7.3,42.30769231
"1884","Nora",2020,10686,5378,0.334483458494013,79.4,13.7,"IntGr1KomKonUtb",5.8,47300,274340,13.3,48.97959183
"1884","Nora",2021,10721,5415,0.345307769929364,81.3,12.3,"IntGr1KomKonUtb",6.1,47600,290360,11.13967438,30.23255814
"1884","Nora",2022,10701,5330,0.357725234406849,82.9,11.3,"IntGr1KomUtbBAS",6.3,48300,304290,11.78681244,50
"1884","Nora",2023,10627,5277,0.366415325045853,82.6,10.3,"IntGr1KomUtbBAS",5.5,52500,288750,9.68690538,45.61403509
"1885","Lindesberg",2016,23744,12692,0.270809325414414,77.8,14.5,"IntGr1KomKonUtb",5.5,44300,243650,9,14.61988305
"1885","Lindesberg",2017,23613,12528,0.269549710209541,78.4,14.6,"IntGr1KomKonUtb",5.6,44800,250880,9,29.24901186
"1885","Lindesberg",2018,23575,12466,0.270323212536729,79.1,14.2,"IntGr1KomKonUtb",5.7,45500,259350,7.3,41.26984127
"1885","Lindesberg",2019,23588,12420,0.275033497096918,79.1,14.2,"IntGr1KomKonUtb",5.7,46500,265050,8.2,37.6744186
"1885","Lindesberg",2020,23658,12425,0.282556377573759,78.3,15.2,"IntGr1KomKonUtb",5.7,47300,269610,9.8,35.34883721
"1885","Lindesberg",2021,23601,12309,0.28684186922594,79.7,13.9,"IntGr1KomKonUtb",5.9,47600,280840,9.07046477,31.57894737
"1885","Lindesberg",2022,23435,12214,0.293569765359126,81,12.5,"IntGr1KomUtbBAS",6.1,48300,294630,10.20867738,44.05594405
"1885","Lindesberg",2023,23292,12084,0.297935904399783,81.1,10.8,"IntGr1KomUtbBAS",5.3,52500,278250,8.1589484,18.32061069
"1904","Skinnskatteberg",2016,4429,2274,0.231891103548858,76.1,14.4,"IntGr1KomKonUtb",5.4,44300,239220,8,0
"1904","Skinnskatteberg",2017,4431,2259,0.234352256186317,77.8,13,"IntGr1KomKonUtb",5.6,44800,250880,9,10
"1904","Skinnskatteberg",2018,4429,2259,0.227095516569201,78.3,11.9,"IntGr1KomKonUtb",5.6,45500,254800,8.6,33.33333333
"1904","Skinnskatteberg",2019,4393,2225,0.231905465288035,77.7,12.5,"IntGr1KomKonUtb",5.7,46500,265050,8.7,15
"1904","Skinnskatteberg",2020,4366,2204,0.23859126984127,75.3,14.1,"IntGr1KomKonUtb",5.6,47300,264880,13,33.33333333
"1904","Skinnskatteberg",2021,4371,2215,0.249256689791873,76.1,13.9,"IntGr1KomKonUtb",5.8,47600,276080,13.29455754,
"1904","Skinnskatteberg",2022,4402,2224,0.264243614931238,77.9,12.1,"IntGr1KomUtbBAS",6,48300,289800,10.84689195,
"1904","Skinnskatteberg",2023,4348,2194,0.2655,76.9,11.3,"IntGr1KomUtbBAS",5.1,52500,267750,10.31778787,
"1907","Surahammar",2016,10059,5261,0.222524597027423,78.7,14.7,"IntGr1KomKonUtb",5.7,44300,252510,6.1,33.33333334
"1907","Surahammar",2017,10037,5207,0.228685426291474,79.9,14.5,"IntGr1KomKonUtb",5.8,44800,259840,6.9,25
"1907","Surahammar",2018,10088,5237,0.232116788321168,80.6,12.9,"IntGr1KomKonUtb",5.9,45500,268450,7.8,55.88235294
"1907","Surahammar",2019,10106,5235,0.23697270471464,81.4,12.9,"IntGr1KomKonUtb",5.9,46500,274350,5.1,58.82352941
"1907","Surahammar",2020,10092,5229,0.241164241164241,80.1,15.7,"IntGr1KomKonUtb",5.9,47300,279070,9.5,15.38461538
"1907","Surahammar",2021,10099,5235,0.248445917944467,81.1,13.8,"IntGr1KomKonUtb",6.1,47600,290360,7.38526464,20
"1907","Surahammar",2022,10033,5184,0.25950689511074,82.7,11.6,"IntGr1KomUtbBAS",6.3,48300,304290,6.86740623,32
"1907","Surahammar",2023,9934,5101,0.270093062605753,82.4,10.6,"IntGr1KomUtbBAS",5.5,52500,288750,6.92717584,21.875
"1960","Kungsör",2016,8432,4474,0.279980300418616,76.1,17.1,"IntGr1KomKonUtb",5.6,44300,248080,9.1,
"1960","Kungsör",2017,8603,4490,0.279825412221145,75.9,17.3,"IntGr1KomKonUtb",5.6,44800,250880,8.9,31.81818182
"1960","Kungsör",2018,8667,4484,0.284074255007328,76.8,16.6,"IntGr1KomKonUtb",5.7,45500,259350,11.4,8.33333333
"1960","Kungsör",2019,8675,4501,0.287068546426835,77.4,16.3,"IntGr1KomKonUtb",5.8,46500,269700,9.8,17.82178218
"1960","Kungsör",2020,8745,4542,0.291807228915663,77.3,18.1,"IntGr1KomKonUtb",5.7,47300,269610,10.2,7.69230769
"1960","Kungsör",2021,8787,4594,0.302408776532316,79.2,16.3,"IntGr1KomKonUtb",5.9,47600,280840,12.72871917,20.96774194
"1960","Kungsör",2022,8762,4568,0.306142034548944,80.5,14.9,"IntGr1KomUtbBAS",6.1,48300,294630,9.17065391,26.66666667
"1960","Kungsör",2023,8643,4491,0.312818027622971,80.5,13,"IntGr1KomUtbBAS",5.4,52500,283500,6.83417085,28.2051282
"1961","Hallstahammar",2016,15843,8442,0.270194614769395,78.9,14.1,"IntGr1KomKonUtb",5.6,44300,248080,8.6,54.28571429
"1961","Hallstahammar",2017,15998,8460,0.273902149545035,80,14.1,"IntGr1KomKonUtb",5.7,44800,255360,8.3,54.90196079
"1961","Hallstahammar",2018,16186,8563,0.280280410229781,80,13.7,"IntGr1KomKonUtb",5.8,45500,263900,9.2,43.65079365
"1961","Hallstahammar",2019,16346,8650,0.285312539946312,79.7,13.8,"IntGr1KomKonUtb",5.8,46500,269700,8.4,41.88034188
"1961","Hallstahammar",2020,16400,8687,0.290641643418717,79.4,15.1,"IntGr1KomKonUtb",5.8,47300,274340,10.4,38.37209302
"1961","Hallstahammar",2021,16608,8788,0.302363386269851,80.7,14.3,"IntGr1KomKonUtb",6,47600,285600,9.37434169,42.10526316
"1961","Hallstahammar",2022,16711,8802,0.314375,82.7,11.8,"IntGr1KomUtbBAS",6.2,48300,299460,7.87236276,48.21428572
"1961","Hallstahammar",2023,16654,8798,0.321441935886242,82.1,11.6,"IntGr1KomUtbBAS",5.4,52500,283500,7.53926702,24.39024391
"1962","Norberg",2016,5795,3074,0.222020348837209,76.4,15.5,"IntGr1KomKonUtb",5.6,44300,248080,9.2,44.8275862
"1962","Norberg",2017,5796,3008,0.226955563716489,76.6,15.7,"IntGr1KomKonUtb",5.7,44800,255360,11.4,30.43478261
"1962","Norberg",2018,5795,2980,0.235489833641405,78.8,15.3,"IntGr1KomKonUtb",5.7,45500,259350,10.6,27.77777778
"1962","Norberg",2019,5690,2905,0.240649792217605,79.1,15.8,"IntGr1KomKonUtb",5.8,46500,269700,9.3,29.54545455
"1962","Norberg",2020,5729,2890,0.245440729483283,76.7,18.3,"IntGr1KomKonUtb",5.7,47300,269610,8.2,22.5
"1962","Norberg",2021,5714,2878,0.248006076718572,77.1,17.1,"IntGr1KomKonUtb",6,47600,285600,8.35207196,30.76923077
"1962","Norberg",2022,5627,2837,0.258846153846154,79.2,13.6,"IntGr1KomUtbBAS",6.1,48300,294630,11.22154537,54.05405406
"1962","Norberg",2023,5517,2765,0.267058823529412,78.7,12.4,"IntGr1KomUtbBAS",5.3,52500,278250,8.41696342,22.22222223
"1980","Västerås",2016,147420,84492,0.436517403600005,78.1,15,"IntGr1KomKonUtb",5.8,44300,256940,10.8,32.15739484
"1980","Västerås",2017,150134,85768,0.439531005868992,78.5,15.1,"IntGr1KomKonUtb",5.9,44800,264320,10.3,26.71660424
"1980","Västerås",2018,152078,86708,0.444352695275204,79.2,14.5,"IntGr1KomKonUtb",6,45500,273000,10.2,26.89173457
"1980","Västerås",2019,154049,87797,0.449175457973112,79.1,14.7,"IntGr1KomKonUtb",6,46500,279000,10.1,27.76470588
"1980","Västerås",2020,155551,88586,0.453887362465028,77.9,16.7,"IntGr1KomKonUtb",6,47300,283800,11.2,23.92156863
"1980","Västerås",2021,156838,89250,0.459390547263682,78.8,16.1,"IntGr1KomKonUtb",6.2,47600,295120,11.55751809,27.5142315
"1980","Västerås",2022,158653,90292,0.47218638257087,80.7,14.4,"IntGr1KomUtbBAS",6.4,48300,309120,10.84198863,29.0560472
"1980","Västerås",2023,159662,91020,0.478661138885502,80.5,13.3,"IntGr1KomUtbBAS",5.5,52500,288750,9.19363911,22.61735419
"1981","Sala",2016,22353,12012,0.290286668522126,79.6,14.3,"IntGr1KomKonUtb",5.5,44300,243650,9.9,37.14285714
"1981","Sala",2017,22631,12006,0.295616059067836,79.9,14.2,"IntGr1KomKonUtb",5.6,44800,250880,8.7,36.43410853
"1981","Sala",2018,22816,12027,0.307536578632557,80.7,13.5,"IntGr1KomKonUtb",5.7,45500,259350,9.2,35.93073593
"1981","Sala",2019,22894,12107,0.311676427525622,81.3,13.6,"IntGr1KomKonUtb",5.6,46500,260400,10.8,32.30769231
"1981","Sala",2020,22867,12068,0.314084378145877,80.3,15,"IntGr1KomKonUtb",5.7,47300,269610,10.3,39.52095809
"1981","Sala",2021,22998,12105,0.319398907103825,80.8,14.6,"IntGr1KomKonUtb",5.9,47600,280840,11.90842041,30.05181348
"1981","Sala",2022,22981,11989,0.324537291552135,82.8,12.3,"IntGr1KomUtbBAS",6.1,48300,294630,9.74299962,35.44973544
"1981","Sala",2023,22853,11866,0.331762314019037,82.1,10.8,"IntGr1KomUtbBAS",5.2,52500,273000,7.96535457,32.18390804
"1982","Fagersta",2016,13445,7221,0.245744351593934,74.8,19.5,"IntGr1KomKonUtb",5.6,44300,248080,7.9,
"1982","Fagersta",2017,13415,7162,0.254166666666667,76.1,18.9,"IntGr1KomKonUtb",5.7,44800,255360,6.7,31.92771085
"1982","Fagersta",2018,13464,7163,0.254276467868701,76.4,18.7,"IntGr1KomKonUtb",5.7,45500,259350,6.7,9.43952803
"1982","Fagersta",2019,13391,7058,0.252487562189055,76.5,17.9,"IntGr1KomKonUtb",5.8,46500,269700,8.4,
"1982","Fagersta",2020,13267,6988,0.255322479649343,74.9,18.9,"IntGr1KomKonUtb",5.8,47300,274340,7,
"1982","Fagersta",2021,13319,6946,0.263000315159155,75.7,18.1,"IntGr1KomKonUtb",6,47600,285600,7.41525424,
"1982","Fagersta",2022,13341,6931,0.267817548305353,76.9,17.1,"IntGr1KomUtbBAS",6.1,48300,294630,6.88468158,35.86206896
"1982","Fagersta",2023,13222,6842,0.270356742921133,77,15.8,"IntGr1KomUtbBAS",5.3,52500,278250,5.68482285,
"1983","Köping",2016,25950,14092,0.273263224984066,77,16,"IntGr1KomKonUtb",5.6,44300,248080,7.7,57.44680851
"1983","Köping",2017,26116,14059,0.276666666666667,77.9,15.2,"IntGr1KomKonUtb",5.7,44800,255360,8.2,34.61538462
"1983","Köping",2018,26268,14060,0.276958270884279,78.4,15,"IntGr1KomKonUtb",5.8,45500,263900,7.8,25
"1983","Köping",2019,26214,13943,0.282788186725945,78.6,15.5,"IntGr1KomKonUtb",5.8,46500,269700,6.6,24.74226804
"1983","Köping",2020,26085,13784,0.287443874278384,77.5,17.1,"IntGr1KomKonUtb",5.7,47300,269610,7.5,31.73515981
"1983","Köping",2021,26133,13783,0.292702485966319,79.2,15.8,"IntGr1KomKonUtb",6,47600,285600,9.6782806,41.91780821
"1983","Köping",2022,26120,13748,0.300740383067761,80.8,14.2,"IntGr1KomUtbBAS",6.1,48300,294630,8.47966883,40.06734007
"1983","Köping",2023,25978,13639,0.30522218618229,79.9,12.7,"IntGr1KomUtbBAS",5.3,52500,278250,8.16381156,16.23931624
"1984","Arboga",2016,13903,7406,0.307750875590072,76.7,16.7,"IntGr1KomKonUtb",5.4,44300,239220,9,22.47191012
"1984","Arboga",2017,13934,7377,0.309132420091324,78.7,15.5,"IntGr1KomKonUtb",5.6,44800,250880,8.3,45
"1984","Arboga",2018,14138,7456,0.312930260401078,78.9,14.3,"IntGr1KomKonUtb",5.7,45500,259350,10.1,32.57575758
"1984","Arboga",2019,14087,7406,0.315072593923065,79,15,"IntGr1KomKonUtb",5.7,46500,265050,9.6,34.01360544
"1984","Arboga",2020,14039,7340,0.323046816197501,78.6,16.8,"IntGr1KomKonUtb",5.7,47300,269610,9.5,47.86324786
"1984","Arboga",2021,14100,7354,0.326585695006748,80.1,15.8,"IntGr1KomKonUtb",5.9,47600,280840,9.38673342,44.32989691
"1984","Arboga",2022,14083,7356,0.338477674557986,81.5,13.1,"IntGr1KomUtbBAS",6.1,48300,294630,9.87870451,28.07017544
"1984","Arboga",2023,14002,7287,0.345225444056475,81.7,11.3,"IntGr1KomUtbBAS",5.3,52500,278250,9.38673342,31.37254902
"2021","Vansbro",2016,6884,3591,0.213577185368878,79.4,11,"IntGr1KomKonUtb",5.2,44300,230360,8.2,
"2021","Vansbro",2017,6837,3542,0.220487195502811,81.5,9.8,"IntGr1KomKonUtb",5.2,44800,232960,9.3,
"2021","Vansbro",2018,6807,3509,0.223300970873786,82,9.4,"IntGr1KomKonUtb",5.4,45500,245700,7.8,28.57142857
"2021","Vansbro",2019,6805,3563,0.229477611940299,82.9,10,"IntGr1KomKonUtb",5.3,46500,246450,10.2,27.27272727
"2021","Vansbro",2020,6801,3550,0.233103879849812,82.3,10.6,"IntGr1KomKonUtb",5.5,47300,260150,10.7,42.85714286
"2021","Vansbro",2021,6776,3527,0.237330815234498,83.7,9.6,"IntGr1KomKonUtb",5.7,47600,271320,10.53185887,30
"2021","Vansbro",2022,6800,3557,0.24484052532833,85.3,8.2,"IntGr1KomUtbBAS",5.8,48300,280140,11.00917431,15
"2021","Vansbro",2023,6728,3496,0.24905303030303,84.8,7.3,"IntGr1KomUtbBAS",5.1,52500,267750,11.24183007,
"2023","Malung-Sälen",2016,10091,5508,0.244794825146553,80.8,10.9,"IntGr1KomKonUtb",5.4,44300,239220,8.8,
"2023","Malung-Sälen",2017,10114,5488,0.251717171717172,81.8,10.5,"IntGr1KomKonUtb",5.5,44800,246400,9.7,61.53846153
"2023","Malung-Sälen",2018,10106,5474,0.24888978603149,82,10.5,"IntGr1KomKonUtb",5.6,45500,254800,11.6,
"2023","Malung-Sälen",2019,10138,5444,0.253701074832691,82.7,9.2,"IntGr1KomKonUtb",5.6,46500,260400,11.4,
"2023","Malung-Sälen",2020,10177,5468,0.257870463204331,81.9,11.5,"IntGr1KomKonUtb",5.7,47300,269610,13.4,
"2023","Malung-Sälen",2021,10218,5465,0.266559935961577,82.8,9.9,"IntGr1KomKonUtb",6,47600,285600,13.76225701,
"2023","Malung-Sälen",2022,10258,5489,0.27458441818546,86.3,7.9,"IntGr1KomUtbBAS",6.2,48300,299460,13.47662914,
"2023","Malung-Sälen",2023,10260,5476,0.275647460349328,86.2,7.1,"IntGr1KomUtbBAS",5.4,52500,283500,12.39599253,
"2026","Gagnef",2016,10175,5251,0.301478242764939,84.9,9.3,"IntGr1KomKonUtb",5.7,44300,252510,8.7,
"2026","Gagnef",2017,10241,5248,0.298296634815123,85.1,9.2,"IntGr1KomKonUtb",5.8,44800,259840,10.8,54.54545454
"2026","Gagnef",2018,10271,5237,0.302117940199336,85.8,7.5,"IntGr1KomKonUtb",5.9,45500,268450,10.6,68.88888889
"2026","Gagnef",2019,10304,5247,0.30731102850062,85.3,8.2,"IntGr1KomKonUtb",5.9,46500,274350,7.9,61.53846154
"2026","Gagnef",2020,10378,5255,0.31425066448579,84.3,9.1,"IntGr1KomKonUtb",6,47300,283800,9.7,22.22222223
"2026","Gagnef",2021,10502,5283,0.326197757390418,86,8.2,"IntGr1KomKonUtb",6.2,47600,295120,12.76446931,59.52380953
"2026","Gagnef",2022,10499,5250,0.337787828947368,86.7,7,"IntGr1KomUtbBAS",6.3,48300,304290,7.84792466,38.63636363
"2026","Gagnef",2023,10430,5143,0.341386554621849,86.5,6.5,"IntGr1KomUtbBAS",5.5,52500,288750,7.69769069,36.36363636
"2029","Leksand",2016,15507,7991,0.355220967517078,82.8,10,"IntGr1KomKonUtb",5.7,44300,252510,11.8,28.57142857
"2029","Leksand",2017,15640,8021,0.361705062767278,83.1,10.7,"IntGr1KomKonUtb",5.7,44800,255360,13.2,30.33707866
"2029","Leksand",2018,15804,8009,0.369260379433599,83.3,9.5,"IntGr1KomKonUtb",5.8,45500,263900,11.7,35.71428571
"2029","Leksand",2019,15807,7977,0.374532871972318,83.5,9.1,"IntGr1KomKonUtb",5.8,46500,269700,10,34.69387755
"2029","Leksand",2020,15801,7947,0.375621890547264,82.9,10.6,"IntGr1KomKonUtb",5.9,47300,279070,14.6,28
"2029","Leksand",2021,16012,8006,0.384122220706588,84.4,9.4,"IntGr1KomKonUtb",6.1,47600,290360,12.11072664,25
"2029","Leksand",2022,16113,7981,0.392628858969128,85.9,7.9,"IntGr1KomUtbBAS",6.3,48300,304290,10.95353396,48
"2029","Leksand",2023,16043,7928,0.398191285283639,85.1,7.3,"IntGr1KomUtbBAS",5.5,52500,288750,11.89239118,28.88888889
"2031","Rättvik",2016,10856,5402,0.302634308234806,81.4,11.2,"IntGr1KomKonUtb",5.4,44300,239220,10.7,45.16129032
"2031","Rättvik",2017,10837,5326,0.300312825860271,83.1,10.9,"IntGr1KomKonUtb",5.5,44800,246400,13.6,54.76190476
"2031","Rättvik",2018,10907,5342,0.302253462890221,82.9,9.4,"IntGr1KomKonUtb",5.6,45500,254800,9.5,25.80645162
"2031","Rättvik",2019,10950,5296,0.30466472303207,83.3,8.9,"IntGr1KomKonUtb",5.7,46500,265050,13.2,41.66666667
"2031","Rättvik",2020,11047,5328,0.309038501132386,83,11,"IntGr1KomKonUtb",5.7,47300,269610,16.2,48
"2031","Rättvik",2021,11103,5379,0.314118122977346,83.4,10.4,"IntGr1KomKonUtb",6,47600,285600,15.09175099,17.0212766
"2031","Rättvik",2022,11092,5353,0.323960880195599,85,8.7,"IntGr1KomUtbBAS",6.1,48300,294630,11.28398017,30.76923077
"2031","Rättvik",2023,11042,5338,0.328618286182862,84.1,8.4,"IntGr1KomUtbBAS",5.3,52500,278250,10.15141087,21.81818182
"2034","Orsa",2016,6861,3678,0.266138855054811,77.4,16.4,"IntGr1KomKonUtb",5.2,44300,230360,9.2,
"2034","Orsa",2017,6887,3696,0.27463503649635,78.1,16.6,"IntGr1KomKonUtb",5.2,44800,232960,7.3,81
"2034","Orsa",2018,6892,3661,0.275243309002433,79.2,15.5,"IntGr1KomKonUtb",5.3,45500,241150,8.7,23.40425532
"2034","Orsa",2019,6911,3679,0.272644653135414,79.6,14.9,"IntGr1KomKonUtb",5.4,46500,251100,9.3,38.29787234
"2034","Orsa",2020,6877,3616,0.281893636643099,79.3,15.6,"IntGr1KomKonUtb",5.4,47300,255420,10,
"2034","Orsa",2021,6918,3620,0.284664830119376,81,14.3,"IntGr1KomKonUtb",5.7,47600,271320,8.95828001,
"2034","Orsa",2022,6934,3625,0.289171203871748,82.9,12.8,"IntGr1KomUtbBAS",5.8,48300,280140,8.45070423,41.30434783
"2034","Orsa",2023,6908,3618,0.297330097087379,82.9,10.3,"IntGr1KomUtbBAS",5,52500,262500,12.02046036,31.42857143
"2039","Älvdalen",2016,7039,3644,0.221682356513817,82.2,13.3,"IntGr1KomKonUtb",5.4,44300,239220,13.5,48
"2039","Älvdalen",2017,7068,3654,0.220716651610961,81.1,13.7,"IntGr1KomKonUtb",5.4,44800,241920,13.7,47.05882353
"2039","Älvdalen",2018,7121,3652,0.228459921945362,82.4,13.3,"IntGr1KomKonUtb",5.5,45500,250250,11.4,29.62962962
"2039","Älvdalen",2019,7031,3596,0.230488915882174,82,12.5,"IntGr1KomKonUtb",5.5,46500,255750,11.9,50.72463768
"2039","Älvdalen",2020,7033,3615,0.232909860859044,81,15.6,"IntGr1KomKonUtb",5.6,47300,264880,14.6,38.23529411
"2039","Älvdalen",2021,7042,3576,0.241935483870968,82.5,13.7,"IntGr1KomKonUtb",5.8,47600,276080,15.20226746,25
"2039","Älvdalen",2022,7018,3588,0.245837117771723,84.8,11.1,"IntGr1KomUtbBAS",5.9,48300,284970,14.36634171,52.38095238
"2039","Älvdalen",2023,6929,3518,0.247518610421836,85.1,10.3,"IntGr1KomUtbBAS",5.2,52500,273000,8.95140665,20.40816326
"2061","Smedjebacken",2016,10909,5756,0.24124218897936,80.5,11.3,"IntGr1KomKonUtb",5.7,44300,252510,6.3,
"2061","Smedjebacken",2017,10894,5652,0.250572956455309,82.2,10.4,"IntGr1KomKonUtb",5.8,44800,259840,7.9,
"2061","Smedjebacken",2018,10897,5621,0.250096264921063,81.7,10,"IntGr1KomKonUtb",5.9,45500,268450,9.1,
"2061","Smedjebacken",2019,10894,5557,0.252777236406159,81.4,9.8,"IntGr1KomKonUtb",6,46500,279000,8.5,
"2061","Smedjebacken",2020,10854,5517,0.260979894593012,80.7,11.3,"IntGr1KomKonUtb",5.9,47300,279070,8.1,13.63636364
"2061","Smedjebacken",2021,10933,5507,0.270967741935484,81.6,11.7,"IntGr1KomKonUtb",6.2,47600,295120,9.44669366,32.5
"2061","Smedjebacken",2022,10922,5441,0.28078137332281,83.3,9.5,"IntGr1KomUtbBAS",6.4,48300,309120,8.92255892,19.04761905
"2061","Smedjebacken",2023,10913,5410,0.290768926665349,83.4,8.7,"IntGr1KomUtbBAS",5.6,52500,294000,9.69552645,10.41666667
"2062","Mora",2016,20279,10842,0.336739908022483,82.5,10.8,"IntGr1KomKonUtb",5.5,44300,243650,9.3,19.5652174
"2062","Mora",2017,20369,10754,0.333605386655785,83.4,10.4,"IntGr1KomKonUtb",5.6,44800,250880,10,33.72093024
"2062","Mora",2018,20390,10657,0.336344969199179,83.7,9.2,"IntGr1KomKonUtb",5.7,45500,259350,10,33.91304348
"2062","Mora",2019,20470,10630,0.34303576919135,83.4,9.3,"IntGr1KomKonUtb",5.8,46500,269700,10,36.13445378
"2062","Mora",2020,20492,10577,0.348022598870057,82.4,11.6,"IntGr1KomKonUtb",5.8,47300,274340,11.6,29.12621359
"2062","Mora",2021,20670,10558,0.358461379808188,83.6,10.4,"IntGr1KomKonUtb",6,47600,285600,10.65874541,29.34782609
"2062","Mora",2022,20679,10548,0.365466431462073,85.7,9.2,"IntGr1KomUtbBAS",6.1,48300,294630,9.7654547,30.76923077
"2062","Mora",2023,20536,10436,0.37110808260824,85.2,8,"IntGr1KomUtbBAS",5.4,52500,283500,11.41015591,39.02439025
"2080","Falun",2016,57685,32127,0.435879467414156,81.5,11.8,"IntGr1KomKonUtb",5.6,44300,248080,11.3,24.28571429
"2080","Falun",2017,58340,32182,0.440907351355113,82,11.2,"IntGr1KomKonUtb",5.7,44800,255360,9.5,31
"2080","Falun",2018,58923,32212,0.447725541784948,82.6,10.9,"IntGr1KomKonUtb",5.8,45500,263900,9.2,32.45033113
"2080","Falun",2019,59406,32301,0.452171220150024,82.8,10.2,"IntGr1KomKonUtb",5.9,46500,274350,9.3,32.44047619
"2080","Falun",2020,59528,32124,0.456989247311828,82.5,10.9,"IntGr1KomKonUtb",5.9,47300,279070,11,34.93975904
"2080","Falun",2021,59837,32043,0.465213948845055,83.6,9.8,"IntGr1KomKonUtb",6.2,47600,295120,11.51769301,36.93693694
"2080","Falun",2022,59818,31787,0.475904659473337,85.5,8.5,"IntGr1KomUtbBAS",6.3,48300,304290,11.53813036,
"2080","Falun",2023,59986,31820,0.482193682749046,85.3,8.1,"IntGr1KomUtbBAS",5.5,52500,288750,10.48254353,
"2081","Borlänge",2016,51604,28932,0.324685565587667,76.6,15.7,"IntGr1KomKonUtb",5.5,44300,243650,8.7,
"2081","Borlänge",2017,51964,29006,0.329234012649332,77.3,15.3,"IntGr1KomKonUtb",5.5,44800,246400,8.8,51.72413793
"2081","Borlänge",2018,52224,28917,0.333541050007789,78.1,14.5,"IntGr1KomKonUtb",5.6,45500,254800,7.9,
"2081","Borlänge",2019,52590,28977,0.336866537717602,77.8,13.9,"IntGr1KomKonUtb",5.6,46500,260400,8.9,
"2081","Borlänge",2020,52394,28865,0.343145239480318,76.9,15.6,"IntGr1KomKonUtb",5.6,47300,264880,8.5,
"2081","Borlänge",2021,52254,28675,0.347041201416177,77.8,15.2,"IntGr1KomKonUtb",5.8,47600,276080,9.32668966,
"2081","Borlänge",2022,52178,28604,0.355795463403227,79.3,14,"IntGr1KomUtbBAS",6,48300,289800,8.66312896,100
"2081","Borlänge",2023,51735,28383,0.360148757095322,79.3,13.2,"IntGr1KomUtbBAS",5.2,52500,273000,8.45720144,25.5506608
"2082","Säter",2016,11086,5991,0.299618667150899,84.1,9.2,"IntGr1KomKonUtb",5.7,44300,252510,11.6,
"2082","Säter",2017,11160,5957,0.303558460421206,83.9,8.3,"IntGr1KomKonUtb",5.8,44800,259840,12.3,
"2082","Säter",2018,11123,5842,0.307990404133604,84.6,8,"IntGr1KomKonUtb",5.9,45500,268450,8.1,74.62686568
"2082","Säter",2019,11093,5756,0.318732525629077,85.6,8.3,"IntGr1KomKonUtb",5.9,46500,274350,10,74.07407408
"2082","Säter",2020,11161,5785,0.320400965286802,84,9.5,"IntGr1KomKonUtb",5.9,47300,279070,13.2,47.61904762
"2082","Säter",2021,11242,5743,0.330225619988812,85.1,9.1,"IntGr1KomKonUtb",6.2,47600,295120,10.99256385,
"2082","Säter",2022,11271,5701,0.339764000749204,86.6,7.7,"IntGr1KomUtbBAS",6.3,48300,304290,11.44607448,
"2082","Säter",2023,11243,5651,0.345095807247202,86.3,7.5,"IntGr1KomUtbBAS",5.5,52500,288750,11.168663,
"2083","Hedemora",2016,15461,8354,0.261733333333333,77,15.7,"IntGr1KomKonUtb",5.4,44300,239220,11.5,58.33333334
"2083","Hedemora",2017,15566,8325,0.266835240883684,77.7,14.9,"IntGr1KomKonUtb",5.5,44800,246400,10.9,26.66666666
"2083","Hedemora",2018,15457,8206,0.271565065267124,78.6,14.2,"IntGr1KomKonUtb",5.6,45500,254800,9.9,30.76923077
"2083","Hedemora",2019,15491,8185,0.2760802261408,78.9,13.8,"IntGr1KomKonUtb",5.6,46500,260400,8.4,50.98039215
"2083","Hedemora",2020,15462,8097,0.278229082047116,78.6,14.6,"IntGr1KomKonUtb",5.7,47300,269610,11.7,41.4893617
"2083","Hedemora",2021,15458,8064,0.280525816506302,79,13.9,"IntGr1KomKonUtb",5.9,47600,280840,9.62089108,25.28735632
"2083","Hedemora",2022,15443,8004,0.288876816515007,81,12.4,"IntGr1KomUtbBAS",6,48300,289800,10.41905198,
"2083","Hedemora",2023,15345,7896,0.292730031728514,80.9,11.8,"IntGr1KomUtbBAS",5.2,52500,273000,11.65743306,
"2084","Avesta",2016,23161,12673,0.261810154525386,74.8,19.4,"IntGr1KomKonUtb",5.4,44300,239220,8.8,
"2084","Avesta",2017,23256,12582,0.260662671836447,75.5,18.5,"IntGr1KomKonUtb",5.5,44800,246400,9.2,
"2084","Avesta",2018,23323,12501,0.26225598445367,77,17.3,"IntGr1KomKonUtb",5.6,45500,254800,8.1,40.47619048
"2084","Avesta",2019,23178,12256,0.265596988167802,78.1,16.3,"IntGr1KomKonUtb",5.7,46500,265050,8.6,
"2084","Avesta",2020,23067,12107,0.269220320565064,77.3,17.2,"IntGr1KomKonUtb",5.8,47300,274340,8.5,26.86567164
"2084","Avesta",2021,22925,11973,0.27343321761374,78.1,15.8,"IntGr1KomKonUtb",6,47600,285600,9.32690813,35.41666666
"2084","Avesta",2022,22932,11853,0.283199705096305,80.5,13.8,"IntGr1KomUtbBAS",6.1,48300,294630,11.34068666,41.66666666
"2084","Avesta",2023,22753,11705,0.285355414960923,79.5,13.4,"IntGr1KomUtbBAS",5.3,52500,278250,9.15134924,
"2085","Ludvika",2016,26933,14527,0.305946611277791,76.2,16.4,"IntGr1KomKonUtb",5.6,44300,248080,7.8,
"2085","Ludvika",2017,26992,14423,0.310315692449497,77,15.3,"IntGr1KomKonUtb",5.7,44800,255360,6.6,44.44444445
"2085","Ludvika",2018,26946,14290,0.31388097621064,76.8,14.9,"IntGr1KomKonUtb",5.7,45500,259350,7.5,29.61038961
"2085","Ludvika",2019,26898,14129,0.316906335017489,76.2,14.9,"IntGr1KomKonUtb",5.7,46500,265050,5.5,
"2085","Ludvika",2020,26604,13891,0.323119338322174,75.6,16.7,"IntGr1KomKonUtb",5.7,47300,269610,8.2,
"2085","Ludvika",2021,26497,13847,0.330604534005038,76.5,16,"IntGr1KomKonUtb",6,47600,285600,8.37689318,
"2085","Ludvika",2022,26353,13791,0.339857369255151,79.4,13.6,"IntGr1KomUtbBAS",6.1,48300,294630,8.49611988,
"2085","Ludvika",2023,26402,13868,0.350394321766562,79.7,12.1,"IntGr1KomUtbBAS",5.3,52500,278250,7.1160043,
"2101","Ockelbo",2016,5856,3201,0.236382681564246,76.5,20.6,"IntGr1KomKonUtb",5.2,44300,230360,7.5,
"2101","Ockelbo",2017,5896,3178,0.240111034004164,76.3,20.3,"IntGr1KomKonUtb",5.3,44800,237440,9,
"2101","Ockelbo",2018,5906,3142,0.250610820244328,76.8,18.6,"IntGr1KomKonUtb",5.4,45500,245700,3.8,
"2101","Ockelbo",2019,5908,3082,0.259129213483146,76.7,18.2,"IntGr1KomKonUtb",5.4,46500,251100,11.3,
"2101","Ockelbo",2020,5884,3030,0.261472785485592,78.6,18.9,"IntGr1KomKonUtb",5.6,47300,264880,9.4,26.13636364
"2101","Ockelbo",2021,5865,2959,0.265261627906977,80.2,15.4,"IntGr1KomKonUtb",5.8,47600,276080,9.63031998,30.50847458
"2101","Ockelbo",2022,5821,2907,0.273598820058997,79.9,13.8,"IntGr1KomUtbBAS",6,48300,289800,12.19130978,
"2101","Ockelbo",2023,5758,2867,0.279985007496252,81.1,13,"IntGr1KomUtbBAS",5.1,52500,267750,12.05583756,
"2104","Hofors",2016,9564,5117,0.213028169014085,78.2,17.3,"IntGr1KomKonUtb",5.7,44300,252510,8.9,
"2104","Hofors",2017,9660,5175,0.214254766031196,77.9,16.3,"IntGr1KomKonUtb",5.8,44800,259840,6.3,36.44067797
"2104","Hofors",2018,9602,5132,0.218947827985156,79,16.4,"IntGr1KomKonUtb",5.9,45500,268450,6.6,26.28571428
"2104","Hofors",2019,9588,5085,0.224301122606207,77.9,16.4,"IntGr1KomKonUtb",5.9,46500,274350,7.2,37.5
"2104","Hofors",2020,9570,5083,0.228696604600219,78.7,17.3,"IntGr1KomKonUtb",5.8,47300,274340,8.8,30.76923077
"2104","Hofors",2021,9578,5065,0.237088690346481,80.3,16.8,"IntGr1KomKonUtb",6,47600,285600,7.37191301,22.68907563
"2104","Hofors",2022,9472,4948,0.246245583038869,81.1,15.2,"IntGr1KomUtbBAS",6.2,48300,299460,7.55621084,
"2104","Hofors",2023,9374,4862,0.253794642857143,80.5,13.4,"IntGr1KomUtbBAS",5.4,52500,283500,6.36942675,34.95145631
"2121","Ovanåker",2016,11631,6105,0.241190432718642,80.6,15,"IntGr1KomKonUtb",5.4,44300,239220,10.9,51
"2121","Ovanåker",2017,11609,6054,0.243956043956044,83.4,14.7,"IntGr1KomKonUtb",5.5,44800,246400,6.6,78.96551724
"2121","Ovanåker",2018,11684,6040,0.250091207588471,84.1,13.8,"IntGr1KomKonUtb",5.5,45500,250250,4.4,56.71641791
"2121","Ovanåker",2019,11670,5973,0.253505535055351,83.1,15.2,"IntGr1KomKonUtb",5.6,46500,260400,6,
"2121","Ovanåker",2020,11672,5923,0.262249443207127,81.2,16.1,"IntGr1KomKonUtb",5.6,47300,264880,9,
"2121","Ovanåker",2021,11711,5899,0.271407297096054,81.9,14.5,"IntGr1KomKonUtb",5.9,47600,280840,6.75888086,47.16981132
"2121","Ovanåker",2022,11622,5796,0.281703410589787,84.7,12.9,"IntGr1KomUtbBAS",5.9,48300,284970,6.44856873,47.16981132
"2121","Ovanåker",2023,11525,5683,0.28848715509039,82.6,13.8,"IntGr1KomUtbBAS",5.1,52500,267750,7.33535321,
"2132","Nordanstig",2016,9511,5025,0.238168951791243,79.9,14.9,"IntGr1KomKonUtb",5.3,44300,234790,9.6,20.5
"2132","Nordanstig",2017,9481,4927,0.242363433667782,80.8,13.9,"IntGr1KomKonUtb",5.4,44800,241920,11.9,23.35329342
"2132","Nordanstig",2018,9517,4872,0.244175627240143,80.6,13.5,"IntGr1KomKonUtb",5.5,45500,250250,11.6,14.20118343
"2132","Nordanstig",2019,9477,4838,0.24988743809095,81.3,12.5,"IntGr1KomKonUtb",5.5,46500,255750,8.4,25.16129033
"2132","Nordanstig",2020,9483,4828,0.259225922592259,79.9,14.7,"IntGr1KomKonUtb",5.5,47300,260150,11.3,30.55555555
"2132","Nordanstig",2021,9480,4812,0.269912497195423,80.7,13.7,"IntGr1KomKonUtb",5.8,47600,276080,13.3282559,21.27659574
"2132","Nordanstig",2022,9487,4778,0.28361581920904,81.7,12.3,"IntGr1KomUtbBAS",6,48300,289800,12.39511823,31.91489361
"2132","Nordanstig",2023,9370,4711,0.294804303044175,81.4,11.2,"IntGr1KomUtbBAS",5.1,52500,267750,9.63391137,13.97849463
"2161","Ljusdal",2016,19067,10005,0.236555555555556,79,18.7,"IntGr1KomKonUtb",5.2,44300,230360,11,
"2161","Ljusdal",2017,19028,9912,0.239849123585534,79.3,18.3,"IntGr1KomKonUtb",5.3,44800,237440,11.3,17.24137931
"2161","Ljusdal",2018,19033,9838,0.246812793558488,79.7,17,"IntGr1KomKonUtb",5.4,45500,245700,10.1,17.24137931
"2161","Ljusdal",2019,18949,9705,0.2551426298443,80.2,15.6,"IntGr1KomKonUtb",5.4,46500,251100,10,
"2161","Ljusdal",2020,18867,9636,0.259428571428571,79.4,17.3,"IntGr1KomKonUtb",5.5,47300,260150,12.7,
"2161","Ljusdal",2021,18804,9539,0.267118566176471,80.8,16.4,"IntGr1KomKonUtb",5.7,47600,271320,14.59013246,17.44186046
"2161","Ljusdal",2022,18771,9501,0.280521578582968,83.2,14.1,"IntGr1KomUtbBAS",5.9,48300,284970,10.58404695,26.5625
"2161","Ljusdal",2023,18538,9363,0.287823743114965,83,13.2,"IntGr1KomUtbBAS",5.1,52500,267750,10.79414032,41.4893617
"2180","Gävle",2016,99788,57208,0.398161019978552,78.1,17.7,"IntGr1KomKonUtb",5.6,44300,248080,9.2,
"2180","Gävle",2017,100603,57352,0.398957103502558,78.6,17.5,"IntGr1KomKonUtb",5.7,44800,255360,9,32.1528425
"2180","Gävle",2018,101455,57526,0.406975836358668,79.7,16.3,"IntGr1KomKonUtb",5.8,45500,263900,8.2,41.23376623
"2180","Gävle",2019,102418,57823,0.410409771016008,79.2,16.1,"IntGr1KomKonUtb",5.8,46500,269700,8.5,55.11811024
"2180","Gävle",2020,102904,58074,0.416245022028127,78.4,18.2,"IntGr1KomKonUtb",5.8,47300,274340,8.7,31.59947985
"2180","Gävle",2021,103136,58139,0.419644229291532,79.5,17,"IntGr1KomKonUtb",6.1,47600,290360,10.43768369,33.8762215
"2180","Gävle",2022,103493,58392,0.427611039819195,80.7,15.5,"IntGr1KomUtbBAS",6.2,48300,299460,9.42346809,53.33333334
"2180","Gävle",2023,103532,58377,0.432299350487613,80.7,14.7,"IntGr1KomUtbBAS",5.3,52500,278250,7.89169869,56.01577909
"2181","Sandviken",2016,38949,21161,0.301675387135986,74.9,20.3,"IntGr1KomKonUtb",5.6,44300,248080,7.3,26.33802817
"2181","Sandviken",2017,39259,21245,0.30246526689648,75.6,20.6,"IntGr1KomKonUtb",5.7,44800,255360,8.1,24.15458938
"2181","Sandviken",2018,39208,21031,0.305597897503285,77,19.9,"IntGr1KomKonUtb",5.8,45500,263900,6.7,43.89027431
"2181","Sandviken",2019,39234,20925,0.311901504787962,77.2,19,"IntGr1KomKonUtb",5.8,46500,269700,6.3,23.24723247
"2181","Sandviken",2020,39290,20915,0.314640433478878,77.7,20.4,"IntGr1KomKonUtb",5.8,47300,274340,8.1,
"2181","Sandviken",2021,39250,20892,0.317029557168402,78.1,18.2,"IntGr1KomKonUtb",6,47600,285600,9.22509225,
"2181","Sandviken",2022,39098,20794,0.321990911972947,79.2,17.3,"IntGr1KomUtbBAS",6.2,48300,299460,7.73150589,44.38405797
"2181","Sandviken",2023,38628,20550,0.327535456248328,79.3,15.8,"IntGr1KomUtbBAS",5.4,52500,283500,7.05809696,
"2182","Söderhamn",2016,25992,13763,0.264338950097213,75.4,20.7,"IntGr1KomKonUtb",5.3,44300,234790,10,26.25215889
"2182","Söderhamn",2017,25782,13522,0.262382316823578,77.2,19.5,"IntGr1KomKonUtb",5.5,44800,246400,6.8,24.48979591
"2182","Söderhamn",2018,25721,13340,0.266270725068052,78,18.5,"IntGr1KomKonUtb",5.5,45500,250250,7.3,26.74418605
"2182","Söderhamn",2019,25643,13159,0.271128804843659,77,18.9,"IntGr1KomKonUtb",5.5,46500,255750,7.3,30.94555874
"2182","Söderhamn",2020,25492,13029,0.276722189671047,76.7,19.5,"IntGr1KomKonUtb",5.6,47300,264880,7.9,28.98550725
"2182","Söderhamn",2021,25446,12883,0.282318988201341,77.2,18.7,"IntGr1KomKonUtb",5.8,47600,276080,7.74860095,26.66666667
"2182","Söderhamn",2022,25258,12739,0.290993468545892,79,16.8,"IntGr1KomUtbBAS",6,48300,289800,8.75493362,
"2182","Söderhamn",2023,24858,12484,0.296842288904396,78.9,15.8,"IntGr1KomUtbBAS",5.1,52500,267750,9.21157612,
"2183","Bollnäs",2016,26929,14383,0.28337090880821,75.9,19.7,"IntGr1KomKonUtb",5.3,44300,234790,9,29.07949791
"2183","Bollnäs",2017,26918,14282,0.284212984586642,77.5,19.2,"IntGr1KomKonUtb",5.4,44800,241920,8.6,21.74796748
"2183","Bollnäs",2018,26991,14201,0.290357783147556,78.6,18,"IntGr1KomKonUtb",5.4,45500,245700,9.2,23.75
"2183","Bollnäs",2019,26888,14010,0.29547422274695,78.2,17.9,"IntGr1KomKonUtb",5.5,46500,255750,8.3,22.58064517
"2183","Bollnäs",2020,26809,13848,0.299205718824464,78.1,18.6,"IntGr1KomKonUtb",5.5,47300,260150,9.3,16.4983165
"2183","Bollnäs",2021,26753,13764,0.307416839089607,79.4,16.9,"IntGr1KomKonUtb",5.7,47600,271320,9.37897769,16.33466136
"2183","Bollnäs",2022,26624,13698,0.315388928943363,80.7,16.2,"IntGr1KomUtbBAS",5.8,48300,280140,9.23385748,21.11553785
"2183","Bollnäs",2023,26414,13568,0.319621021945097,80.1,15.4,"IntGr1KomUtbBAS",5,52500,262500,7.99516259,34.54545455
"2184","Hudiksvall",2016,37299,19993,0.32802583231266,79.6,15.8,"IntGr1KomKonUtb",5.5,44300,243650,11.3,28.31858407
"2184","Hudiksvall",2017,37401,19910,0.33183308329166,81.1,14.5,"IntGr1KomKonUtb",5.6,44800,250880,9.9,27.23577236
"2184","Hudiksvall",2018,37430,19725,0.336249164252284,81.6,13.7,"IntGr1KomKonUtb",5.7,45500,259350,8.6,29.218107
"2184","Hudiksvall",2019,37607,19708,0.341004067532178,81.2,13.2,"IntGr1KomKonUtb",5.7,46500,265050,8.5,30.04291846
"2184","Hudiksvall",2020,37531,19589,0.350153846153846,80.8,15.1,"IntGr1KomKonUtb",5.8,47300,274340,10,23.59550562
"2184","Hudiksvall",2021,37744,19554,0.359892719450187,82.2,13.8,"IntGr1KomKonUtb",6.1,47600,290360,9.95398629,34.88372093
"2184","Hudiksvall",2022,37688,19501,0.373178826573663,84,11.6,"IntGr1KomUtbBAS",6.2,48300,299460,9.93765528,27.96610169
"2184","Hudiksvall",2023,37645,19481,0.379962831559385,83.3,10.7,"IntGr1KomUtbBAS",5.3,52500,278250,9.67863184,40.36144578
"2260","Ånge",2016,9495,5107,0.228077848239668,78.1,15.7,"IntGr1KomKonUtb",5.4,44300,239220,7.8,21.67487685
"2260","Ånge",2017,9480,5066,0.231760594145915,78.5,16.2,"IntGr1KomKonUtb",5.4,44800,241920,9.5,33.72093023
"2260","Ånge",2018,9411,4981,0.23693456302152,80.2,14.7,"IntGr1KomKonUtb",5.6,45500,254800,8,33.0472103
"2260","Ånge",2019,9316,4947,0.238442822384428,80.7,12.9,"IntGr1KomKonUtb",5.6,46500,260400,11.2,34.26573427
"2260","Ånge",2020,9226,4881,0.241964285714286,80,14.2,"IntGr1KomKonUtb",5.6,47300,264880,9.9,48.69565217
"2260","Ånge",2021,9233,4817,0.2480217047253,80.2,14.1,"IntGr1KomKonUtb",5.8,47600,276080,11.66794185,29.5652174
"2260","Ånge",2022,9143,4726,0.252929014472777,82.5,12.2,"IntGr1KomUtbBAS",5.9,48300,284970,8.04597701,21.15384615
"2260","Ånge",2023,9109,4695,0.263255383190553,81.3,10.1,"IntGr1KomUtbBAS",5.1,52500,267750,6.64192225,16.66666666
"2262","Timrå",2016,17992,9719,0.284184138559708,81,14.6,"IntGr1KomKonUtb",5.6,44300,248080,7.9,26.41509434
"2262","Timrå",2017,18030,9760,0.290863749716618,81.7,13.6,"IntGr1KomKonUtb",5.7,44800,255360,7.2,26.35658914
"2262","Timrå",2018,18060,9763,0.293911668361008,81.7,13.8,"IntGr1KomKonUtb",5.8,45500,263900,7.1,28.03030303
"2262","Timrå",2019,17979,9711,0.300340522133939,82.1,13.5,"IntGr1KomKonUtb",5.8,46500,269700,7.9,48.9626556
"2262","Timrå",2020,17963,9728,0.302710672564364,81.1,15.8,"IntGr1KomKonUtb",5.8,47300,274340,8,20.06802721
"2262","Timrå",2021,17923,9742,0.312131519274376,81.9,15.6,"IntGr1KomKonUtb",6,47600,285600,10.43346296,67.22689075
"2262","Timrå",2022,17754,9591,0.324945670822372,83.3,13.7,"IntGr1KomUtbBAS",6.2,48300,299460,9.28998009,37.5
"2262","Timrå",2023,17540,9469,0.332871172732525,83.3,12.3,"IntGr1KomUtbBAS",5.3,52500,278250,8.72065165,42.85714285
"2280","Härnösand",2016,25269,13404,0.373328877005348,74.9,19.3,"IntGr1KomKonUtb",5.3,44300,234790,10.2,21.01167315
"2280","Härnösand",2017,25190,13157,0.376384075733243,76.4,19.4,"IntGr1KomKonUtb",5.4,44800,241920,9.8,18.31578947
"2280","Härnösand",2018,25120,13056,0.389137974790627,76.5,19.2,"IntGr1KomKonUtb",5.5,45500,250250,9.9,19.10946197
"2280","Härnösand",2019,25183,12997,0.390039029356864,77.1,19.2,"IntGr1KomKonUtb",5.5,46500,255750,10.4,17.5911252
"2280","Härnösand",2020,25114,12962,0.394888775683478,77.6,19.8,"IntGr1KomKonUtb",5.6,47300,264880,11.5,11.85185186
"2280","Härnösand",2021,25012,12801,0.400869046604754,79.1,17.9,"IntGr1KomKonUtb",5.8,47600,276080,9.0096532,14.36031332
"2280","Härnösand",2022,24879,12649,0.411415799879653,80.5,16.2,"IntGr1KomUtbBAS",5.9,48300,284970,10.57671693,16.21621622
"2280","Härnösand",2023,24654,12498,0.4160348583878,80,15,"IntGr1KomUtbBAS",5.1,52500,267750,8.18306901,31.09243697
"2281","Sundsvall",2016,98325,55476,0.395990685430799,81.2,14.1,"IntGr1KomKonUtb",5.7,44300,252510,9.8,32.2147651
"2281","Sundsvall",2017,98810,55416,0.401375360477545,81.8,13.9,"IntGr1KomKonUtb",5.8,44800,259840,9.3,27.29306488
"2281","Sundsvall",2018,98850,55075,0.406937069713917,82.2,13.8,"IntGr1KomKonUtb",5.9,45500,268450,9.1,32.72251309
"2281","Sundsvall",2019,99449,55133,0.412621359223301,81.9,13.1,"IntGr1KomKonUtb",6,46500,279000,8.9,36.77811551
"2281","Sundsvall",2020,99439,54957,0.419805357680345,81.5,14.8,"IntGr1KomKonUtb",6,47300,283800,9.8,32.35294117
"2281","Sundsvall",2021,99383,54753,0.424876946663439,81.7,14.3,"IntGr1KomKonUtb",6.2,47600,295120,11.29725374,34.24124513
"2281","Sundsvall",2022,99361,54801,0.435222385980497,83.4,12.4,"IntGr1KomUtbBAS",6.4,48300,309120,10.42331062,43.93442623
"2281","Sundsvall",2023,99213,54727,0.441602140511615,83.3,11.2,"IntGr1KomUtbBAS",5.5,52500,288750,8.99994972,40.96385542
"2282","Kramfors",2016,18681,9831,0.257799301723167,75.3,17.7,"IntGr1KomKonUtb",5.3,44300,234790,8.5,25.64102564
"2282","Kramfors",2017,18610,9663,0.257551669316375,75.9,17.3,"IntGr1KomKonUtb",5.3,44800,237440,6.9,37.5
"2282","Kramfors",2018,18423,9433,0.263109263109263,76.4,17.5,"IntGr1KomKonUtb",5.4,45500,245700,8.1,31.94444445
"2282","Kramfors",2019,18282,9328,0.26347866854196,76.5,16.6,"IntGr1KomKonUtb",5.5,46500,255750,8.2,23.97260274
"2282","Kramfors",2020,18133,9269,0.271118452100047,76.2,16.6,"IntGr1KomKonUtb",5.5,47300,260150,8.7,27.14285715
"2282","Kramfors",2021,18005,9159,0.279455652381521,77.6,15.3,"IntGr1KomKonUtb",5.8,47600,276080,8.23623945,23.30097088
"2282","Kramfors",2022,17904,9055,0.29190298057198,78.5,14.1,"IntGr1KomUtbBAS",5.8,48300,280140,8.14070352,32.92682927
"2282","Kramfors",2023,17631,8921,0.299006987863185,78.9,11.8,"IntGr1KomUtbBAS",5,52500,262500,8.73273761,42.38410596
"2283","Sollefteå",2016,19846,10382,0.282694146393286,77.5,20.4,"IntGr1KomKonUtb",5.2,44300,230360,10.4,12.31884059
"2283","Sollefteå",2017,19709,10124,0.283596624107336,78.5,20.1,"IntGr1KomKonUtb",5.3,44800,237440,6.7,9.32203389
"2283","Sollefteå",2018,19500,9891,0.286963258078796,78.9,18,"IntGr1KomKonUtb",5.4,45500,245700,8.1,11.38211382
"2283","Sollefteå",2019,19140,9641,0.291505791505792,79,16,"IntGr1KomKonUtb",5.4,46500,251100,8.8,11.11111111
"2283","Sollefteå",2020,18872,9447,0.297810726282868,79.3,16.9,"IntGr1KomKonUtb",5.5,47300,260150,7.6,12.37113402
"2283","Sollefteå",2021,18814,9395,0.30506299580028,80.4,15.8,"IntGr1KomKonUtb",5.7,47600,271320,11.26593537,26.88172043
"2283","Sollefteå",2022,18667,9276,0.313126547941974,82,13.9,"IntGr1KomUtbBAS",5.8,48300,280140,11.33898639,34.35114504
"2283","Sollefteå",2023,18523,9180,0.321012598050868,81.4,12.1,"IntGr1KomUtbBAS",5,52500,262500,9.66905901,
"2284","Örnsköldsvik",2016,55964,30113,0.363394539476115,81.8,15,"IntGr1KomKonUtb",5.7,44300,252510,8.5,6.22568094
"2284","Örnsköldsvik",2017,56139,29900,0.367608494921514,82.1,15.3,"IntGr1KomKonUtb",5.8,44800,259840,9.5,21.71428571
"2284","Örnsköldsvik",2018,56089,29718,0.370796918974967,82.7,14.4,"IntGr1KomKonUtb",5.9,45500,268450,8.7,15.82278481
"2284","Örnsköldsvik",2019,55998,29451,0.375567462975367,82.3,13.9,"IntGr1KomKonUtb",5.9,46500,274350,7.9,31.12244898
"2284","Örnsköldsvik",2020,55807,29229,0.381464471080243,81.7,14.6,"IntGr1KomKonUtb",5.9,47300,279070,9.2,32.66666666
"2284","Örnsköldsvik",2021,55823,29120,0.387445156935538,82.8,13.2,"IntGr1KomKonUtb",6.2,47600,295120,10.95526074,30.72625698
"2284","Örnsköldsvik",2022,55557,28942,0.397166861319369,84.4,10.9,"IntGr1KomUtbBAS",6.3,48300,304290,9.07911803,15.78947369
"2284","Örnsköldsvik",2023,55478,28878,0.403305535640165,84.4,9.3,"IntGr1KomUtbBAS",5.5,52500,288750,8.61712614,28.57142858
"2303","Ragunda",2016,5415,2778,0.216838760921366,78.8,18.9,"IntGr1KomKonUtb",5.2,44300,230360,11.7,
"2303","Ragunda",2017,5444,2769,0.220907297830375,78.5,18.8,"IntGr1KomKonUtb",5.2,44800,232960,14.4,
"2303","Ragunda",2018,5343,2686,0.222133119486768,80.8,16.7,"IntGr1KomKonUtb",5.3,45500,241150,7.4,
"2303","Ragunda",2019,5284,2662,0.22289644012945,80.8,15,"IntGr1KomKonUtb",5.3,46500,246450,11,
"2303","Ragunda",2020,5208,2612,0.221719457013575,82.4,15.1,"IntGr1KomKonUtb",5.4,47300,255420,14.7,
"2303","Ragunda",2021,5210,2625,0.223543888433142,81.7,12.9,"IntGr1KomKonUtb",5.6,47600,266560,12.08674014,
"2303","Ragunda",2022,5174,2608,0.242986798679868,83.2,11.1,"IntGr1KomUtbBAS",5.7,48300,275310,9.93260021,75
"2303","Ragunda",2023,5135,2569,0.249895353704479,83,10.3,"IntGr1KomUtbBAS",5,52500,262500,9.63253657,
"2305","Bräcke",2016,6492,3376,0.236197321136883,77.2,16.5,"IntGr1KomKonUtb",5.2,44300,230360,10.2,
"2305","Bräcke",2017,6501,3352,0.243261012491782,78.2,16.9,"IntGr1KomKonUtb",5.3,44800,237440,10.6,66.66666667
"2305","Bräcke",2018,6376,3276,0.246662216288385,78.7,15.3,"IntGr1KomKonUtb",5.4,45500,245700,6.3,
"2305","Bräcke",2019,6298,3248,0.248900913087589,78.8,14.6,"IntGr1KomKonUtb",5.4,46500,251100,7.6,45.28301887
"2305","Bräcke",2020,6181,3171,0.247087045921864,78,15.4,"IntGr1KomKonUtb",5.5,47300,260150,11.6,71.42857143
"2305","Bräcke",2021,6175,3127,0.25495652173913,80.7,13.7,"IntGr1KomKonUtb",5.7,47600,271320,10.31839623,
"2305","Bräcke",2022,6162,3112,0.268776077885953,81.3,12.1,"IntGr1KomUtbBAS",5.9,48300,284970,10.59758611,
"2305","Bräcke",2023,6099,3053,0.269762495568947,81.4,10.5,"IntGr1KomUtbBAS",5.1,52500,267750,8.88099467,
"2309","Krokom",2016,14843,7838,0.357777777777778,85,11.9,"IntGr1KomKonUtb",5.7,44300,252510,10.1,
"2309","Krokom",2017,14925,7802,0.363977225385363,85.5,11.5,"IntGr1KomKonUtb",5.8,44800,259840,9.1,
"2309","Krokom",2018,14858,7691,0.37258471016522,86.4,10.5,"IntGr1KomKonUtb",5.9,45500,268450,10.8,
"2309","Krokom",2019,14966,7695,0.375786383335663,87,9.4,"IntGr1KomKonUtb",6,46500,279000,10.4,
"2309","Krokom",2020,15054,7737,0.384176863181313,86.6,10.1,"IntGr1KomKonUtb",6.1,47300,288530,11.8,58.33333334
"2309","Krokom",2021,15352,7867,0.394959128065395,87.1,9.1,"IntGr1KomKonUtb",6.3,47600,299880,12.16263176,61.70212766
"2309","Krokom",2022,15532,7959,0.415218855218855,89.5,7.1,"IntGr1KomUtbBAS",6.5,48300,313950,13.09234156,57.95454545
"2309","Krokom",2023,15595,7990,0.421214965803943,88.8,7.3,"IntGr1KomUtbBAS",5.6,52500,294000,9.56937799,52
"2313","Strömsund",2016,11809,6097,0.227405247813411,79.4,19.1,"IntGr1KomKonUtb",5.2,44300,230360,9,
"2313","Strömsund",2017,11791,6042,0.230783308931186,80.3,19.6,"IntGr1KomKonUtb",5.2,44800,232960,9.6,
"2313","Strömsund",2018,11703,5962,0.236098281913911,81.3,17.2,"IntGr1KomKonUtb",5.3,45500,241150,8.1,
"2313","Strömsund",2019,11605,5862,0.238996066679153,80.5,16.9,"IntGr1KomKonUtb",5.3,46500,246450,11.7,
"2313","Strömsund",2020,11488,5732,0.243325705568269,80.3,16.5,"IntGr1KomKonUtb",5.4,47300,255420,10.4,
"2313","Strömsund",2021,11473,5733,0.247845240375407,81.6,14.9,"IntGr1KomKonUtb",5.6,47600,266560,9.05562743,55.17241379
"2313","Strömsund",2022,11397,5621,0.256494765412951,83.8,12.6,"IntGr1KomUtbBAS",5.8,48300,280140,9.05123646,31.08108108
"2313","Strömsund",2023,11113,5459,0.262862862862863,81.3,13.6,"IntGr1KomUtbBAS",4.9,52500,257250,8.39920949,45.76271187
"2321","Åre",2016,11088,6632,0.36893039049236,82.1,13.4,"IntGr1KomKonUtb",5.3,44300,234790,20.4,
"2321","Åre",2017,11268,6729,0.379219060225017,83.4,13.7,"IntGr1KomKonUtb",5.5,44800,246400,18.9,40
"2321","Åre",2018,11529,6838,0.386356288393146,84,12.9,"IntGr1KomKonUtb",5.5,45500,250250,17.3,60
"2321","Åre",2019,11727,6905,0.395909889758747,81.9,12.8,"IntGr1KomKonUtb",5.5,46500,255750,20.6,
"2321","Åre",2020,12049,7107,0.412047073397337,81.8,18.3,"IntGr1KomKonUtb",5.6,47300,264880,18.7,
"2321","Åre",2021,12271,7235,0.429572102938937,83.4,13.5,"IntGr1KomKonUtb",5.9,47600,280840,22.84231019,51.1627907
"2321","Åre",2022,12330,7290,0.447459671340268,87.1,9.5,"IntGr1KomUtbBAS",6.1,48300,294630,22.05882353,63.82978724
"2321","Åre",2023,12464,7351,0.459994051160024,86.5,8.3,"IntGr1KomUtbBAS",5.3,52500,278250,18.87276929,100
"2326","Berg",2016,7081,3617,0.25734394124847,81.5,15.5,"IntGr1KomKonUtb",5.3,44300,234790,13.9,
"2326","Berg",2017,7122,3618,0.259045302523563,81.9,15.4,"IntGr1KomKonUtb",5.3,44800,237440,13.3,
"2326","Berg",2018,7097,3567,0.261963190184049,83,13.2,"IntGr1KomKonUtb",5.4,45500,245700,12.8,15
"2326","Berg",2019,7061,3520,0.268060252075008,83.9,11.3,"IntGr1KomKonUtb",5.5,46500,255750,14.8,30.55555556
"2326","Berg",2020,7120,3515,0.274660912453761,83.6,13.3,"IntGr1KomKonUtb",5.6,47300,264880,16.6,55.55555556
"2326","Berg",2021,7135,3484,0.282019320660642,84.6,13.3,"IntGr1KomKonUtb",5.8,47600,276080,16.34590034,29.62962963
"2326","Berg",2022,7176,3490,0.299065420560748,85.5,12.4,"IntGr1KomUtbBAS",5.8,48300,280140,17.10976573,
"2326","Berg",2023,7140,3490,0.306800376057662,84.7,10.1,"IntGr1KomUtbBAS",5,52500,262500,14.65201465,
"2361","Härjedalen",2016,10200,5417,0.231598590089156,82.4,13.6,"IntGr1KomKonUtb",5.3,44300,234790,14.3,24.24242424
"2361","Härjedalen",2017,10154,5339,0.236583837961996,83,14.7,"IntGr1KomKonUtb",5.3,44800,237440,14.7,37.83783784
"2361","Härjedalen",2018,10147,5322,0.247856097050826,83.1,14.2,"IntGr1KomKonUtb",5.5,45500,250250,13.6,37.83783784
"2361","Härjedalen",2019,10090,5288,0.255936121033831,82,13.9,"IntGr1KomKonUtb",5.5,46500,255750,18.3,38.80597015
"2361","Härjedalen",2020,10070,5280,0.267497403946002,82,14.5,"IntGr1KomKonUtb",5.5,47300,260150,14.5,19.04761905
"2361","Härjedalen",2021,10114,5300,0.280542986425339,83.3,13,"IntGr1KomKonUtb",5.8,47600,276080,18.05309735,50
"2361","Härjedalen",2022,10185,5352,0.288163265306122,85.3,10.5,"IntGr1KomUtbBAS",6,48300,289800,15.6058215,45.94594595
"2361","Härjedalen",2023,10145,5332,0.295616717635066,85.2,9.1,"IntGr1KomUtbBAS",5.1,52500,267750,14.45237681,28
"2380","Östersund",2016,61745,35373,0.439272234588213,81.4,13.2,"IntGr1KomKonUtb",5.4,44300,239220,11.7,49.80988593
"2380","Östersund",2017,62601,35580,0.444939245499078,81.8,13,"IntGr1KomKonUtb",5.5,44800,246400,9.8,43.54243542
"2380","Östersund",2018,63227,35618,0.447656619851665,82.3,12.1,"IntGr1KomKonUtb",5.7,45500,259350,9.9,45.26315789
"2380","Östersund",2019,63779,35735,0.453282629875232,82,12.1,"IntGr1KomKonUtb",5.7,46500,265050,10.2,41.89189189
"2380","Östersund",2020,63985,35681,0.457977922729554,81.4,14,"IntGr1KomKonUtb",5.7,47300,269610,10.1,41.45077721
"2380","Östersund",2021,64324,35695,0.463927855711423,83,12.6,"IntGr1KomKonUtb",6,47600,285600,11.10938068,38.93442623
"2380","Östersund",2022,64714,35864,0.472376900456735,84.6,10.4,"IntGr1KomUtbBAS",6.1,48300,294630,10.9434158,46.12244898
"2380","Östersund",2023,64881,35919,0.479797664397677,84.7,9.6,"IntGr1KomUtbBAS",5.3,52500,278250,9.70773787,
"2401","Nordmaling",2016,7132,3665,0.260529482551143,79.5,14.7,"IntGr1KomKonUtb",5.5,44300,243650,10.7,
"2401","Nordmaling",2017,7103,3624,0.25726392251816,81.2,14.5,"IntGr1KomKonUtb",5.6,44800,250880,9.6,21.73913044
"2401","Nordmaling",2018,7118,3621,0.264242424242424,81.9,13.2,"IntGr1KomKonUtb",5.7,45500,259350,6.5,
"2401","Nordmaling",2019,7143,3629,0.267356881851401,81.7,12.8,"IntGr1KomKonUtb",5.7,46500,265050,11.4,
"2401","Nordmaling",2020,7108,3563,0.267323683400062,81.6,14.3,"IntGr1KomKonUtb",5.7,47300,269610,11,50
"2401","Nordmaling",2021,7100,3563,0.281442663378545,83.3,12.4,"IntGr1KomKonUtb",5.9,47600,280840,9.76612696,40
"2401","Nordmaling",2022,7066,3511,0.297474275023386,84.2,10.2,"IntGr1KomUtbBAS",6.2,48300,299460,9.26640927,
"2401","Nordmaling",2023,7033,3531,0.305355465079862,84.2,9.1,"IntGr1KomUtbBAS",5.3,52500,278250,7.53442453,54.54545454
"2403","Bjurholm",2016,2454,1200,0.245548266166823,81.8,14.3,"IntGr1KomKonUtb",5.4,44300,239220,8.3,
"2403","Bjurholm",2017,2451,1182,0.250717703349282,83.6,14.5,"IntGr1KomKonUtb",5.4,44800,241920,12.1,
"2403","Bjurholm",2018,2450,1195,0.25749063670412,83.4,15,"IntGr1KomKonUtb",5.4,45500,245700,7.7,
"2403","Bjurholm",2019,2408,1189,0.259469696969697,83.5,13,"IntGr1KomKonUtb",5.4,46500,251100,5.3,
"2403","Bjurholm",2020,2387,1169,0.264007597340931,83.1,13.7,"IntGr1KomKonUtb",5.5,47300,260150,13,100
"2403","Bjurholm",2021,2395,1179,0.26522961574508,84.3,12.6,"IntGr1KomKonUtb",5.8,47600,276080,11.72791243,
"2403","Bjurholm",2022,2372,1167,0.264292408622306,86,11.2,"IntGr1KomUtbBAS",5.9,48300,284970,6.23538581,
"2403","Bjurholm",2023,2348,1161,0.263797942001871,84.8,11.1,"IntGr1KomUtbBAS",5.1,52500,267750,12.6682502,
"2404","Vindeln",2016,5413,2725,0.287610619469027,82.3,11.2,"IntGr1KomKonUtb",5.5,44300,243650,9.1,
"2404","Vindeln",2017,5412,2701,0.289685737308622,82.5,11.4,"IntGr1KomKonUtb",5.6,44800,250880,7.1,
"2404","Vindeln",2018,5436,2701,0.289866774323779,82.7,11.6,"IntGr1KomKonUtb",5.6,45500,254800,8.5,
"2404","Vindeln",2019,5423,2709,0.297504025764895,83.8,10.4,"IntGr1KomKonUtb",5.7,46500,265050,12.6,60
"2404","Vindeln",2020,5485,2722,0.300242130750605,82.3,11.3,"IntGr1KomKonUtb",5.7,47300,269610,10.9,52.77777778
"2404","Vindeln",2021,5550,2744,0.31074578989575,84.3,10.4,"IntGr1KomKonUtb",5.9,47600,280840,11.86842998,57.89473684
"2404","Vindeln",2022,5504,2701,0.317013463892289,85.8,8.7,"IntGr1KomUtbBAS",6.1,48300,294630,13.82333109,31.25
"2404","Vindeln",2023,5461,2688,0.321224489795918,85.1,7.9,"IntGr1KomUtbBAS",5.2,52500,273000,9.57592339,38.46153846
"2409","Robertsfors",2016,6784,3600,0.291047040971168,81.2,13.7,"IntGr1KomKonUtb",5.4,44300,239220,9,53.84615385
"2409","Robertsfors",2017,6784,3581,0.299150485436893,82.2,13.1,"IntGr1KomKonUtb",5.4,44800,241920,8,65.21739131
"2409","Robertsfors",2018,6762,3535,0.305802886091495,83.3,11.4,"IntGr1KomKonUtb",5.6,45500,254800,7.5,65.90909091
"2409","Robertsfors",2019,6747,3486,0.308622828784119,84.3,10.7,"IntGr1KomKonUtb",5.6,46500,260400,8.1,52.5
"2409","Robertsfors",2020,6748,3449,0.31592039800995,83.9,12,"IntGr1KomKonUtb",5.7,47300,269610,10.4,64.81481481
"2409","Robertsfors",2021,6786,3439,0.31873631529559,85.1,10.6,"IntGr1KomKonUtb",6,47600,285600,7.27959019,56.75675675
"2409","Robertsfors",2022,6759,3402,0.318716237686686,86.3,8.8,"IntGr1KomUtbBAS",6.2,48300,299460,9.66962127,
"2409","Robertsfors",2023,6740,3363,0.331309904153355,86.2,7.3,"IntGr1KomUtbBAS",5.3,52500,278250,7.59219089,
"2417","Norsjö",2016,4125,2100,0.222863135815417,81.4,16.1,"IntGr1KomKonUtb",5.5,44300,243650,10.2,23.07692308
"2417","Norsjö",2017,4086,2061,0.223466666666667,82.3,15.2,"IntGr1KomKonUtb",5.4,44800,241920,9.6,13.63636364
"2417","Norsjö",2018,4094,2064,0.224101479915433,82.7,14.9,"IntGr1KomKonUtb",5.5,45500,250250,8.4,7.40740741
"2417","Norsjö",2019,3986,2006,0.232094776521271,83.6,13.3,"IntGr1KomKonUtb",5.6,46500,260400,7.1,10.52631579
"2417","Norsjö",2020,3945,1959,0.239801543550165,84.4,12.7,"IntGr1KomKonUtb",5.7,47300,269610,8.7,32.14285715
"2417","Norsjö",2021,3971,1959,0.242324561403509,84.5,10.8,"IntGr1KomKonUtb",5.9,47600,280840,6.59754948,34
"2417","Norsjö",2022,3947,1950,0.254415011037528,85.7,10.4,"IntGr1KomUtbBAS",6,48300,289800,9.39849624,
"2417","Norsjö",2023,3924,1907,0.263544018058691,84.2,10,"IntGr1KomUtbBAS",5.3,52500,278250,3.78250591,
"2418","Malå",2016,3100,1614,0.238723108952117,86.7,12.5,"IntGr1KomKonUtb",5.6,44300,248080,7.8,70.96774194
"2418","Malå",2017,3133,1588,0.241811846689896,87,13.5,"IntGr1KomKonUtb",5.7,44800,255360,6.9,100
"2418","Malå",2018,3122,1567,0.242786769880366,85.9,11.6,"IntGr1KomKonUtb",5.8,45500,263900,14.5,90.90909091
"2418","Malå",2019,3068,1516,0.250898634076204,86.1,10.2,"IntGr1KomKonUtb",5.9,46500,274350,7,54.54545454
"2418","Malå",2020,3024,1493,0.25676664228237,85.4,11.6,"IntGr1KomKonUtb",5.9,47300,279070,7.7,68
"2418","Malå",2021,3034,1498,0.256259204712813,86.2,10.3,"IntGr1KomKonUtb",6,47600,285600,9.16870416,
"2418","Malå",2022,3033,1496,0.257206208425721,86.3,9.7,"IntGr1KomUtbBAS",6.2,48300,299460,8.55222969,
"2418","Malå",2023,2990,1465,0.259426847662142,86.1,7.9,"IntGr1KomUtbBAS",5.3,52500,278250,11.02941176,
"2421","Storuman",2016,5899,3069,0.292718096611392,81,12.6,"IntGr1KomKonUtb",5.3,44300,234790,11.9,38.46153846
"2421","Storuman",2017,5902,3069,0.290869722121978,81.1,13.4,"IntGr1KomKonUtb",5.3,44800,237440,10.4,25
"2421","Storuman",2018,5912,3049,0.29278951201748,81.1,12.3,"IntGr1KomKonUtb",5.4,45500,245700,9.1,20
"2421","Storuman",2019,5852,3002,0.298342541436464,82.1,11.4,"IntGr1KomKonUtb",5.5,46500,255750,7.6,41.66666667
"2421","Storuman",2020,5826,2990,0.298884758364312,82.2,13.5,"IntGr1KomKonUtb",5.5,47300,260150,8.7,100
"2421","Storuman",2021,5808,2960,0.309043348281016,82.6,11.8,"IntGr1KomKonUtb",5.7,47600,271320,10.17164654,29.41176471
"2421","Storuman",2022,5747,2917,0.318370426254244,85.1,9.9,"IntGr1KomUtbBAS",5.9,48300,284970,8.86637112,95
"2421","Storuman",2023,5621,2819,0.320631254811393,85.5,8.5,"IntGr1KomUtbBAS",5.1,52500,267750,9.01190859,44.44444444
"2422","Sorsele",2016,2535,1302,0.249579831932773,86.2,14,"IntGr1KomKonUtb",5.4,44300,239220,11.9,
"2422","Sorsele",2017,2516,1280,0.255154639175258,86.6,12.7,"IntGr1KomKonUtb",5.4,44800,241920,13.8,50
"2422","Sorsele",2018,2522,1283,0.261945392491468,85.5,12.5,"IntGr1KomKonUtb",5.6,45500,254800,11.9,
"2422","Sorsele",2019,2489,1294,0.260425531914894,85.1,12.1,"IntGr1KomKonUtb",5.4,46500,251100,14.1,
"2422","Sorsele",2020,2442,1252,0.266724587315378,84.7,12.2,"IntGr1KomKonUtb",5.5,47300,260150,4.3,92.30769231
"2422","Sorsele",2021,2460,1258,0.267015706806283,85.7,11.2,"IntGr1KomKonUtb",5.7,47600,271320,11.9760479,80
"2422","Sorsele",2022,2436,1218,0.270150575730735,86.3,12.2,"IntGr1KomUtbBAS",5.8,48300,280140,13.46297681,34.21052632
"2422","Sorsele",2023,2387,1196,0.28119349005425,87.5,9.1,"IntGr1KomUtbBAS",5,52500,262500,13.84615385,44.44444444
"2425","Dorotea",2016,2719,1355,0.19919028340081,81.3,16.7,"IntGr1KomKonUtb",5.3,44300,234790,14.7,
"2425","Dorotea",2017,2646,1333,0.203612479474548,81.2,14.7,"IntGr1KomKonUtb",5.4,44800,241920,10.9,
"2425","Dorotea",2018,2568,1279,0.215384615384615,82.2,12.8,"IntGr1KomKonUtb",5.6,45500,254800,7.7,
"2425","Dorotea",2019,2551,1254,0.226056945642796,82.1,13.2,"IntGr1KomKonUtb",5.6,46500,260400,7.2,
"2425","Dorotea",2020,2498,1219,0.236086175942549,83,12.4,"IntGr1KomKonUtb",5.6,47300,264880,10.4,100
"2425","Dorotea",2021,2459,1172,0.232965009208103,84.6,11.5,"IntGr1KomKonUtb",5.9,47600,280840,14.51612903,40
"2425","Dorotea",2022,2413,1147,0.239661654135338,85.9,9,"IntGr1KomUtbBAS",6,48300,289800,4.79616307,50
"2425","Dorotea",2023,2339,1095,0.242926829268293,84,7.3,"IntGr1KomUtbBAS",5.2,52500,273000,10.51779935,
"2460","Vännäs",2016,8695,4674,0.367464114832536,83.5,11.2,"IntGr1KomKonUtb",5.6,44300,248080,9.5,
"2460","Vännäs",2017,8776,4674,0.367884250474383,83.9,11.3,"IntGr1KomKonUtb",5.6,44800,250880,10.6,
"2460","Vännäs",2018,8785,4681,0.372368109770523,84,10.9,"IntGr1KomKonUtb",5.7,45500,259350,5.7,
"2460","Vännäs",2019,8872,4704,0.372049544286048,83.9,10.1,"IntGr1KomKonUtb",5.8,46500,269700,7.2,
"2460","Vännäs",2020,8997,4760,0.381679389312977,83.6,11.2,"IntGr1KomKonUtb",5.8,47300,274340,8.2,26.47058823
"2460","Vännäs",2021,9054,4766,0.388156372889197,84.4,10.9,"IntGr1KomKonUtb",6.1,47600,290360,9.96741422,57.57575757
"2460","Vännäs",2022,8963,4776,0.397584765443567,86.3,9,"IntGr1KomUtbBAS",6.2,48300,299460,10.15714833,60
"2460","Vännäs",2023,9059,4820,0.401459854014599,87.2,8.1,"IntGr1KomUtbBAS",5.4,52500,283500,5.38151067,
"2462","Vilhelmina",2016,6805,3594,0.248515160987809,78.5,17.9,"IntGr1KomKonUtb",5.1,44300,225930,8.6,
"2462","Vilhelmina",2017,6787,3585,0.251635004671442,78.5,17.9,"IntGr1KomKonUtb",5.2,44800,232960,11.4,
"2462","Vilhelmina",2018,6752,3520,0.254734848484849,80.6,16.7,"IntGr1KomKonUtb",5.2,45500,236600,8.4,45.45454545
"2462","Vilhelmina",2019,6668,3474,0.261036468330134,82.2,14.5,"IntGr1KomKonUtb",5.3,46500,246450,12.2,47.61904761
"2462","Vilhelmina",2020,6539,3378,0.260540184453228,81,16.2,"IntGr1KomKonUtb",5.3,47300,250690,12,45.45454545
"2462","Vilhelmina",2021,6485,3332,0.262295081967213,82.3,15.7,"IntGr1KomKonUtb",5.5,47600,261800,12.34906696,45.45454545
"2462","Vilhelmina",2022,6393,3269,0.270612384536435,83.9,12.7,"IntGr1KomUtbBAS",5.7,48300,275310,12.5958379,
"2462","Vilhelmina",2023,6263,3200,0.274255691768827,84,10.7,"IntGr1KomUtbBAS",5,52500,262500,11.47495102,
"2463","Åsele",2016,2875,1436,0.269139700078927,75.1,18.2,"IntGr1KomKonUtb",5.3,44300,234790,10.3,
"2463","Åsele",2017,2809,1389,0.278861788617886,76.3,18.6,"IntGr1KomKonUtb",5.1,44800,228480,11.7,61.53846153
"2463","Åsele",2018,2819,1405,0.277424483306836,77.6,17,"IntGr1KomKonUtb",5.2,45500,236600,9.8,61.53846154
"2463","Åsele",2019,2794,1375,0.277777777777778,79.6,15.9,"IntGr1KomKonUtb",5.2,46500,241800,9.8,
"2463","Åsele",2020,2805,1371,0.275258552108194,79.5,16.4,"IntGr1KomKonUtb",5.3,47300,250690,12.7,
"2463","Åsele",2021,2807,1372,0.287429943955164,79.4,15.5,"IntGr1KomKonUtb",5.6,47600,266560,14.0562249,
"2463","Åsele",2022,2782,1357,0.291159772911598,82,13.1,"IntGr1KomUtbBAS",5.7,48300,275310,12.0886501,
"2463","Åsele",2023,2718,1326,0.304059652029826,82.6,10.3,"IntGr1KomUtbBAS",5,52500,262500,8.84955752,
"2480","Umeå",2016,122892,75709,0.554345263356439,78.1,10.7,"IntGr1KomKonUtb",5.5,44300,243650,10.2,42.9032258
"2480","Umeå",2017,125080,76656,0.555636049755692,78.2,10.7,"IntGr1KomKonUtb",5.5,44800,246400,9.7,45.45454546
"2480","Umeå",2018,127119,77491,0.559336426773421,78.4,10.1,"IntGr1KomKonUtb",5.6,45500,254800,8.1,37.06293707
"2480","Umeå",2019,128901,78389,0.562705629000419,78.1,9.6,"IntGr1KomKonUtb",5.6,46500,260400,8.8,32.14285714
"2480","Umeå",2020,130224,78931,0.566682028334845,76.8,11.4,"IntGr1KomKonUtb",5.6,47300,264880,8.8,25.78397212
"2480","Umeå",2021,130997,79207,0.571892565292835,78,10.2,"IntGr1KomKonUtb",5.9,47600,280840,9.40024769,34.23913043
"2480","Umeå",2022,132235,79985,0.577560817576721,79.8,8.2,"IntGr1KomUtbBAS",6,48300,289800,8.7662376,
"2480","Umeå",2023,133091,80450,0.581432937580816,80,7.5,"IntGr1KomUtbBAS",5.2,52500,273000,7.42115028,35.9223301
"2481","Lycksele",2016,12187,6443,0.300708974580668,81.9,14.3,"IntGr1KomKonUtb",5.5,44300,243650,8,15.15151516
"2481","Lycksele",2017,12257,6457,0.303103448275862,81.9,14.5,"IntGr1KomKonUtb",5.5,44800,246400,9,29.62962963
"2481","Lycksele",2018,12228,6427,0.30662319835278,82.2,13.5,"IntGr1KomKonUtb",5.6,45500,254800,6,36.17021277
"2481","Lycksele",2019,12245,6440,0.309871244635193,83.2,12.2,"IntGr1KomKonUtb",5.6,46500,260400,8,30.76923077
"2481","Lycksele",2020,12324,6453,0.312596401028278,82.8,12.7,"IntGr1KomKonUtb",5.7,47300,269610,10.2,9.75609756
"2481","Lycksele",2021,12264,6415,0.320250086835707,83.5,12.3,"IntGr1KomKonUtb",5.9,47600,280840,8.27526132,8.82352941
"2481","Lycksele",2022,12243,6423,0.32904347826087,85.4,11,"IntGr1KomUtbBAS",6,48300,289800,9.27939684,14.28571429
"2481","Lycksele",2023,12213,6377,0.335706842653699,84.5,10.1,"IntGr1KomUtbBAS",5.2,52500,273000,8.23342482,100
"2482","Skellefteå",2016,72266,39856,0.367918146456959,82.3,12.7,"IntGr1KomKonUtb",5.7,44300,252510,8.1,39.19413919
"2482","Skellefteå",2017,72723,39765,0.372123695139746,82.5,12.6,"IntGr1KomKonUtb",5.7,44800,255360,7.6,38.90909091
"2482","Skellefteå",2018,72467,39357,0.376273858453916,83.1,11.6,"IntGr1KomKonUtb",5.8,45500,263900,7.9,32.02846975
"2482","Skellefteå",2019,72589,39258,0.380517289850998,83.4,10.9,"IntGr1KomKonUtb",5.9,46500,274350,7.8,36.43617021
"2482","Skellefteå",2020,72840,39173,0.384922756563582,82.8,12.1,"IntGr1KomKonUtb",5.9,47300,279070,8.1,32.80757098
"2482","Skellefteå",2021,73393,39473,0.391481295645872,83.8,11.1,"IntGr1KomKonUtb",6.2,47600,295120,9.27422188,40
"2482","Skellefteå",2022,74402,40216,0.401320837443823,85.5,8.6,"IntGr1KomUtbBAS",6.4,48300,309120,9.18395962,45.49180328
"2482","Skellefteå",2023,76542,42062,0.413312368972746,85.7,7.5,"IntGr1KomUtbBAS",5.6,52500,294000,8.15042704,
"2505","Arvidsjaur",2016,6442,3429,0.257254646234105,83.8,16.6,"IntGr1KomKonUtb",5.5,44300,243650,9.2,
"2505","Arvidsjaur",2017,6440,3411,0.252420916720465,82.4,17.4,"IntGr1KomKonUtb",5.6,44800,250880,8.4,
"2505","Arvidsjaur",2018,6334,3341,0.25945412693193,84.1,16.1,"IntGr1KomKonUtb",5.7,45500,259350,8.7,70.83333333
"2505","Arvidsjaur",2019,6220,3284,0.262822661749916,83.2,15.2,"IntGr1KomKonUtb",5.8,46500,269700,12.2,
"2505","Arvidsjaur",2020,6145,3240,0.263784887678693,82.2,15.4,"IntGr1KomKonUtb",5.8,47300,274340,11.1,100
"2505","Arvidsjaur",2021,6143,3215,0.264746227709191,82.6,14.8,"IntGr1KomKonUtb",6,47600,285600,9.88947062,64.28571429
"2505","Arvidsjaur",2022,6111,3182,0.27649930264993,85.3,13.3,"IntGr1KomUtbBAS",6.2,48300,299460,13.0699971,
"2505","Arvidsjaur",2023,6113,3168,0.278923453337994,85.3,9.9,"IntGr1KomUtbBAS",5.5,52500,288750,11.13063855,
"2506","Arjeplog",2016,2876,1563,0.256555634301914,85.2,14.5,"IntGr1KomKonUtb",5.6,44300,248080,9.5,
"2506","Arjeplog",2017,2821,1525,0.25197415649677,84.8,13.6,"IntGr1KomKonUtb",5.6,44800,250880,13.1,37.5
"2506","Arjeplog",2018,2794,1490,0.257875457875458,84.2,14,"IntGr1KomKonUtb",5.6,45500,254800,11.6,0
"2506","Arjeplog",2019,2785,1473,0.260294117647059,81.8,12.3,"IntGr1KomKonUtb",5.6,46500,260400,7.5,
"2506","Arjeplog",2020,2718,1425,0.26890756302521,83.3,12.8,"IntGr1KomKonUtb",5.7,47300,269610,10.1,100
"2506","Arjeplog",2021,2707,1391,0.273716951788491,85.4,11.5,"IntGr1KomKonUtb",5.9,47600,280840,3.3557047,33.33333333
"2506","Arjeplog",2022,2667,1379,0.281127642913078,87.2,10.5,"IntGr1KomUtbBAS",6.1,48300,294630,9.3770931,75
"2506","Arjeplog",2023,2609,1335,0.287328490718321,86.8,7.9,"IntGr1KomUtbBAS",5.4,52500,283500,8.83752549,75
"2510","Jokkmokk",2016,5105,2798,0.301803607214429,82.6,16.2,"IntGr1KomKonUtb",5.5,44300,243650,17.3,
"2510","Jokkmokk",2017,5081,2758,0.303571428571429,83.1,14.6,"IntGr1KomKonUtb",5.6,44800,250880,11.7,
"2510","Jokkmokk",2018,5001,2699,0.304062371768568,84.5,14.2,"IntGr1KomKonUtb",5.6,45500,254800,14.2,40
"2510","Jokkmokk",2019,4923,2658,0.304149377593361,83.9,11.4,"IntGr1KomKonUtb",5.6,46500,260400,13.5,
"2510","Jokkmokk",2020,4851,2619,0.308497279196317,83.8,12.1,"IntGr1KomKonUtb",5.7,47300,269610,17.7,0
"2510","Jokkmokk",2021,4780,2512,0.317590987868284,84.6,10.6,"IntGr1KomKonUtb",6,47600,285600,15.29280119,
"2510","Jokkmokk",2022,4760,2491,0.333624454148472,85.3,7.9,"IntGr1KomUtbBAS",6.2,48300,299460,16.77852349,
"2510","Jokkmokk",2023,4728,2441,0.330680813439434,85.5,7.1,"IntGr1KomUtbBAS",5.3,52500,278250,15.49508692,
"2513","Överkalix",2016,3378,1710,0.22879177377892,80.2,20.2,"IntGr1KomKonUtb",5.4,44300,239220,7.5,
"2513","Överkalix",2017,3367,1686,0.229002624671916,80.8,17.9,"IntGr1KomKonUtb",5.3,44800,237440,13.6,
"2513","Överkalix",2018,3302,1642,0.227636849132176,81.5,15.7,"IntGr1KomKonUtb",5.4,45500,245700,9.3,17.24137931
"2513","Överkalix",2019,3315,1621,0.230142566191446,81.4,15.9,"IntGr1KomKonUtb",5.4,46500,251100,10.1,100
"2513","Överkalix",2020,3289,1600,0.236714975845411,82.9,15.9,"IntGr1KomKonUtb",5.6,47300,264880,15.9,42.85714286
"2513","Överkalix",2021,3252,1576,0.242867084203201,82.7,14.2,"IntGr1KomKonUtb",5.7,47600,271320,14.11764706,45.45454545
"2513","Överkalix",2022,3160,1541,0.263082437275986,82.3,12.5,"IntGr1KomUtbBAS",5.8,48300,280140,12.98701299,50
"2513","Överkalix",2023,3162,1531,0.267383512544803,80.8,11,"IntGr1KomUtbBAS",4.9,52500,257250,9.1296409,50
"2514","Kalix",2016,16223,8506,0.28021265560166,81,16.7,"IntGr1KomKonUtb",5.6,44300,248080,8.3,29.87012987
"2514","Kalix",2017,16169,8455,0.282044595123223,81.4,15.4,"IntGr1KomKonUtb",5.6,44800,250880,8,30.26315789
"2514","Kalix",2018,16058,8384,0.288836539719932,82.4,13.9,"IntGr1KomKonUtb",5.7,45500,259350,7.1,32.30769231
"2514","Kalix",2019,15886,8229,0.293153969099627,81.8,13.3,"IntGr1KomKonUtb",5.8,46500,269700,8.1,26.66666666
"2514","Kalix",2020,15812,8152,0.296841541755889,81.2,13.9,"IntGr1KomKonUtb",5.8,47300,274340,8.2,
"2514","Kalix",2021,15768,8101,0.301580867450345,82.2,13,"IntGr1KomKonUtb",6,47600,285600,10.3976234,34.21052632
"2514","Kalix",2022,15729,8034,0.306633973573083,83.9,10.8,"IntGr1KomUtbBAS",6.2,48300,299460,8.70262224,54.28571429
"2514","Kalix",2023,15547,7930,0.310340079856809,82.7,10.6,"IntGr1KomUtbBAS",5.3,52500,278250,8.27205882,36.84210526
"2518","Övertorneå",2016,4534,2278,0.252845126175161,76.8,18,"IntGr1KomKonUtb",5.3,44300,234790,9.4,40.625
"2518","Övertorneå",2017,4461,2205,0.266972945380296,76.9,19.7,"IntGr1KomKonUtb",5.4,44800,241920,11.1,24.48979592
"2518","Övertorneå",2018,4410,2128,0.273392577104025,77.7,18.2,"IntGr1KomKonUtb",5.5,45500,250250,11.4,11.11111111
"2518","Övertorneå",2019,4299,2043,0.274298056155508,77.9,16.4,"IntGr1KomKonUtb",5.5,46500,255750,8.9,33.33333333
"2518","Övertorneå",2020,4217,1971,0.278026905829596,78.2,15.1,"IntGr1KomKonUtb",5.6,47300,264880,11.2,12.5
"2518","Övertorneå",2021,4211,1948,0.297632468996618,79.3,13.1,"IntGr1KomKonUtb",5.9,47600,280840,8.12619503,30
"2518","Övertorneå",2022,4119,1859,0.303938859494415,82.4,11.2,"IntGr1KomUtbBAS",6.1,48300,294630,10.49618321,28.57142857
"2518","Övertorneå",2023,4088,1848,0.312536786344909,81.8,9.6,"IntGr1KomUtbBAS",5.2,52500,273000,7.96812749,100
"2521","Pajala",2016,6116,2921,0.250283553875236,79.1,18.9,"IntGr1KomKonUtb",5.4,44300,239220,9.8,84.61538462
"2521","Pajala",2017,6101,2813,0.248340491995314,79.8,18.7,"IntGr1KomKonUtb",5.6,44800,250880,11.7,89.65517242
"2521","Pajala",2018,6039,2761,0.248006379585327,80.9,16.4,"IntGr1KomKonUtb",5.7,45500,259350,9.8,
"2521","Pajala",2019,6052,2773,0.248896025692493,81,14.2,"IntGr1KomKonUtb",5.7,46500,265050,10.3,
"2521","Pajala",2020,5966,2726,0.252152521525215,82.4,13.2,"IntGr1KomKonUtb",5.8,47300,274340,12.9,60
"2521","Pajala",2021,5973,2710,0.255441478439425,83.1,11.3,"IntGr1KomKonUtb",6.1,47600,290360,14.21319797,
"2521","Pajala",2022,5883,2684,0.26077943615257,83.7,9.2,"IntGr1KomUtbBAS",6.3,48300,304290,11.49814001,
"2521","Pajala",2023,5871,2620,0.264693446088795,84.4,7.1,"IntGr1KomUtbBAS",5.5,52500,288750,11.32852729,
"2523","Gällivare",2016,17956,10112,0.262472647702407,86.2,11,"IntGr1KomKonUtb",6.3,44300,279090,7.6,
"2523","Gällivare",2017,17825,9987,0.262643993417444,86.2,10.6,"IntGr1KomKonUtb",6.4,44800,286720,9.5,
"2523","Gällivare",2018,17630,9750,0.265287870318614,86.7,9.4,"IntGr1KomKonUtb",6.6,45500,300300,9.9,
"2523","Gällivare",2019,17529,9645,0.267883293905599,86,8.4,"IntGr1KomKonUtb",6.7,46500,311550,9.6,
"2523","Gällivare",2020,17462,9609,0.274636693914623,86.6,9,"IntGr1KomKonUtb",6.8,47300,321640,10,
"2523","Gällivare",2021,17449,9508,0.278331614529621,87.2,8,"IntGr1KomKonUtb",7.1,47600,337960,9.6933729,
"2523","Gällivare",2022,17420,9472,0.284467914131558,88.4,6.7,"IntGr1KomUtbBAS",7.3,48300,352590,9.77970957,54.16666666
"2523","Gällivare",2023,17330,9395,0.29004980887293,88.3,6,"IntGr1KomUtbBAS",6.4,52500,336000,9.68188105,15.55555555
"2560","Älvsbyn",2016,8193,4292,0.23305742369374,81.4,14.8,"IntGr1KomKonUtb",5.5,44300,243650,8.2,
"2560","Älvsbyn",2017,8274,4341,0.236559139784946,80.2,15.2,"IntGr1KomKonUtb",5.7,44800,255360,6.6,33.33333333
"2560","Älvsbyn",2018,8140,4244,0.24109232769831,80.9,13.7,"IntGr1KomKonUtb",5.7,45500,259350,8.2,43.75
"2560","Älvsbyn",2019,8066,4235,0.246517739816032,80.2,13.2,"IntGr1KomKonUtb",5.8,46500,269700,7.1,33.33333333
"2560","Älvsbyn",2020,8054,4246,0.25268958278667,79.8,16,"IntGr1KomKonUtb",5.8,47300,274340,8.7,43.75
"2560","Älvsbyn",2021,8009,4228,0.255520504731861,80.6,16.2,"IntGr1KomKonUtb",6,47600,285600,10.63598871,59.52380953
"2560","Älvsbyn",2022,7911,4152,0.266259623042209,83,11.1,"IntGr1KomUtbBAS",6.1,48300,294630,15.25054466,52.94117647
"2560","Älvsbyn",2023,7783,4028,0.269958847736626,83.3,10,"IntGr1KomUtbBAS",5.4,52500,283500,11.9840213,56.52173913
"2580","Luleå",2016,76770,45408,0.466668374010807,80.1,12.1,"IntGr1KomKonUtb",5.7,44300,252510,10.5,28.1195079
"2580","Luleå",2017,77470,45496,0.469233893486318,80.2,12.2,"IntGr1KomKonUtb",5.8,44800,259840,10.9,22.63450835
"2580","Luleå",2018,77832,45435,0.471972300849171,80.5,11.9,"IntGr1KomKonUtb",5.9,45500,268450,9,32.14990138
"2580","Luleå",2019,78105,45410,0.475314715305633,79.5,11.3,"IntGr1KomKonUtb",5.9,46500,274350,8.8,27.86177106
"2580","Luleå",2020,78549,45608,0.481120217205491,79.1,12.5,"IntGr1KomKonUtb",5.9,47300,279070,9.7,39.76833977
"2580","Luleå",2021,78867,45692,0.486845742141368,79.7,11.2,"IntGr1KomKonUtb",6.2,47600,295120,9.9389002,52.09302325
"2580","Luleå",2022,79244,45856,0.494715223162851,81.6,9.6,"IntGr1KomUtbBAS",6.4,48300,309120,10.65238202,36.90851735
"2580","Luleå",2023,79352,45964,0.501661212560266,82,8.5,"IntGr1KomUtbBAS",5.5,52500,288750,8.63221885,40.20618556
"2581","Piteå",2016,41904,23291,0.350780532598714,81.9,12.7,"IntGr1KomKonUtb",5.7,44300,252510,9.9,24.16666667
"2581","Piteå",2017,42184,23202,0.353394689924348,81.9,12.6,"IntGr1KomKonUtb",5.8,44800,259840,9.1,50.56818182
"2581","Piteå",2018,42116,23035,0.359793466196979,82.7,12.2,"IntGr1KomKonUtb",5.9,45500,268450,8.9,49.39759036
"2581","Piteå",2019,42281,23038,0.364265129682997,83.1,11.2,"IntGr1KomKonUtb",6,46500,279000,8.8,44.33497537
"2581","Piteå",2020,42226,22944,0.371045292816617,82.8,11.9,"IntGr1KomKonUtb",6,47300,283800,8.9,39.42857142
"2581","Piteå",2021,42323,22930,0.375727548222618,83.5,11.4,"IntGr1KomKonUtb",6.3,47600,299880,10.74187319,35.35911603
"2581","Piteå",2022,42362,22852,0.385350318471338,85.4,9.5,"IntGr1KomUtbBAS",6.5,48300,313950,11.14508731,40.60150375
"2581","Piteå",2023,42344,22801,0.392039126434555,84.9,9,"IntGr1KomUtbBAS",5.6,52500,294000,9.1595045,41.35338346
"2582","Boden",2016,28042,15563,0.375751866077252,81.4,14.3,"IntGr1KomKonUtb",5.6,44300,248080,8.6,
"2582","Boden",2017,28181,15553,0.376613077644006,81.5,14.1,"IntGr1KomKonUtb",5.7,44800,255360,7.1,100
"2582","Boden",2018,28064,15313,0.379944735311228,82.9,12.8,"IntGr1KomKonUtb",5.8,45500,263900,6.9,21.77419355
"2582","Boden",2019,28080,15284,0.380024714690703,82.3,12.4,"IntGr1KomKonUtb",5.8,46500,269700,8.8,16.09195402
"2582","Boden",2020,28060,15239,0.3833284628872,82.2,13,"IntGr1KomKonUtb",5.9,47300,279070,8.8,27.95698924
"2582","Boden",2021,28160,15262,0.387970144885116,82.6,12.4,"IntGr1KomKonUtb",6.1,47600,290360,10.32744062,29.80769231
"2582","Boden",2022,28048,15097,0.392706248610185,84.8,10.7,"IntGr1KomUtbBAS",6.3,48300,304290,9.9009901,29.87012987
"2582","Boden",2023,27943,14974,0.398197124338821,84.4,9.3,"IntGr1KomUtbBAS",5.5,52500,288750,8.04520052,22.22222222
"2583","Haparanda",2016,9864,5148,0.221217990101141,68,21.9,"IntGr1KomKonUtb",5.1,44300,225930,9.3,
"2583","Haparanda",2017,9805,5026,0.238578680203046,69.5,21.7,"IntGr1KomKonUtb",5.2,44800,232960,7.5,
"2583","Haparanda",2018,9785,4902,0.245535714285714,70,20.6,"IntGr1KomKonUtb",5.3,45500,241150,11,
"2583","Haparanda",2019,9685,4781,0.245770461819845,70.3,19.2,"IntGr1KomKonUtb",5.4,46500,251100,5.8,53.84615385
"2583","Haparanda",2020,9601,4701,0.252096924510718,70.1,18.2,"IntGr1KomKonUtb",5.5,47300,260150,6.1,51.51515152
"2583","Haparanda",2021,9496,4600,0.25717017208413,72.1,17.3,"IntGr1KomKonUtb",5.7,47600,271320,7.19712115,51.21951219
"2583","Haparanda",2022,9340,4476,0.268513977439922,78.2,15.4,"IntGr1KomUtbBAS",5.9,48300,284970,8.40840841,50
"2583","Haparanda",2023,9177,4375,0.272042200452148,77.8,13.7,"IntGr1KomUtbBAS",5.1,52500,267750,7.1809602,50
"2584","Kiruna",2016,23167,13284,0.300701072725737,86.8,9.4,"IntGr1KomKonUtb",6.3,44300,279090,11,17.1875
"2584","Kiruna",2017,23116,13250,0.301206852898979,86.6,9.7,"IntGr1KomKonUtb",6.4,44800,286720,13.4,24.32432432
"2584","Kiruna",2018,22992,13116,0.306853980417199,87,9.4,"IntGr1KomKonUtb",6.5,45500,295750,10.6,
"2584","Kiruna",2019,22867,13019,0.311558219178082,86.1,8.5,"IntGr1KomKonUtb",6.6,46500,306900,10.2,43.28358209
"2584","Kiruna",2020,22664,12908,0.314050296111922,85.6,9.8,"IntGr1KomKonUtb",6.7,47300,316910,12.6,43.28358209
"2584","Kiruna",2021,22555,12823,0.316079579708897,86.3,8.5,"IntGr1KomKonUtb",6.9,47600,328440,9.39343188,46.80851064
"2584","Kiruna",2022,22423,12778,0.322694729578194,86.7,6.5,"IntGr1KomUtbBAS",7.2,48300,347760,12.42551955,51.11111111
"2584","Kiruna",2023,22433,12830,0.323157623183421,86.3,5.3,"IntGr1KomUtbBAS",6.2,52500,325500,11.34710503,42.85714286
